Date,Nodes,Channel,SNR,RSSI,Type,Hops,Data
"","RIPR to BOOM","0","","","NODEINFO_APP","2 / 3","Ripon_Router"
"","!69844b1c","0","","","STORE_FORWARD_APP","4 / 7",""
"","SLD1","0","","","TELEMETRY_APP","2 / 7","4.2V 101%"
"","MFMS","0","","","NODEINFO_APP","2 / 7","MFM Solar"
"","0xFA to MYR1","0","5.75","-46","NODEINFO_APP","0 / 7","0xFA Shrike"
"","enas","0","","","POSITION_APP","5 / 7","(38.302, -120.319) 1590m asl"
"","0xFC","0","","","TELEMETRY_APP","",""
"","STN1","0","","","TELEMETRY_APP","3 / 7","4.1V 93%"
"","enas","0","","","TELEMETRY_APP","5 / 7","4.2V 99%"
"3/15, 3:42 PM","0xFC to enas","","","","TRACEROUTE","",""
"","enas to 0xFC","0","","","TRACEROUTE_APP","1 / 4","0xFC -> MT -> enrr -> enas"
"","37cf","0","5.5","-47","TELEMETRY_APP","","4.1V 101%"
"","🦝","0","","","TELEMETRY_APP","4 / 5","0.0V 101%"
"3/15, 3:43 PM","0xFC to 🦝","","","","TRACEROUTE","",""
"","2569","95","","","encrypted","5 / 5",""
"","hypn","0","","","POSITION_APP","6 / 7","(36.756, -119.810) 79m asl"
"3/15, 3:42 PM","WB6T to hypn","0","","","NODEINFO_APP","1 / 3","WB6TOU"
"3/15, 3:43 PM","MYR1 to !8ad2d4c","0","","","NODEINFO_APP","","Enorym_346c"
"3/15, 3:43 PM","MT","0","6.75","-42","NODEINFO_APP","0 / 7","MeshTerminal (ke6uop)"
"3/15, 3:44 PM","TM1","0","","","POSITION_APP","2 / 3","(37.513, -120.875) 40m asl"
"3/15, 3:45 PM","0xFC to TM1","","","","TRACEROUTE","",""
"3/15, 3:44 PM","GG01","0","","","POSITION_APP","3 / 5","(37.985, -120.403) 629m asl"
"3/15, 3:44 PM","🦝","0","","","TELEMETRY_APP","5 / 5",""
"3/15, 3:44 PM","RIPR","0","","","TELEMETRY_APP","2 / 3","4.2V 98%"
"3/15, 3:45 PM","0xFC to GG01","","","","TRACEROUTE","",""
"3/15, 3:45 PM","2230","95","","","encrypted","5 / 5",""
"3/15, 3:45 PM","MP","0","","","TELEMETRY_APP","3 / 7","3.9V 70%"
"3/15, 3:45 PM","8998","0","","","POSITION_APP","6 / 7","(37.254, -121.888) 55m asl"
"3/15, 3:46 PM","0xFC to 8998","","","","TRACEROUTE","",""
"3/15, 3:45 PM","!eb76ac6d","0","","","POSITION_APP","5 / 5","(36.329, -119.315) 330m asl"
"3/15, 3:45 PM","0xFA to !69844b1c","0","7.25","-54","NODEINFO_APP","0 / 7","0xFA Shrike"
"3/15, 3:46 PM","A23G","0","MQTT","","POSITION_APP","3 / 5","(37.754, -122.413) 30m asl"
"3/15, 3:47 PM","0xFC to A23G","","","","TRACEROUTE","",""
"3/15, 3:46 PM","RIPR to !d059402d","0","","","NODEINFO_APP","2 / 3","Ripon_Router"
"3/15, 3:46 PM","Mfeb","0","","","POSITION_APP","3 / 3","(37.722, -121.132) 0m asl"
"3/15, 3:47 PM","0xFC to Mfeb","","","","TRACEROUTE","",""
"3/15, 3:48 PM","MFMY to !eb76ac6d","0","","","NODEINFO_APP","3 / 6","MFM Mini Yellow"
"3/15, 3:48 PM","MYR1","0","","","TELEMETRY_APP","","4.1V 86%"
"3/15, 3:49 PM","!f3787512","0","","","TELEMETRY_APP","5 / 5",""
"3/15, 3:49 PM","MFMY","0","","","TELEMETRY_APP","4 / 6","3.9V 74%"
"3/15, 3:50 PM","LBTU","0","","","TELEMETRY_APP","5 / 5","4.1V 94%"
"3/15, 3:50 PM","WB6T to LBTU","0","","","NODEINFO_APP","2 / 3","WB6TOU"
"3/15, 3:50 PM","STN1","0","","","TELEMETRY_APP","3 / 7","4.1V 93%"
"3/15, 3:50 PM","0xFA to STN1","0","6.5","-64","NODEINFO_APP","0 / 7","0xFA Shrike"
"3/15, 3:50 PM","!a2eb4184","0","","","POSITION_APP","4 / 4","(37.311, -121.951) 25m asl"
"3/15, 3:50 PM","DBLF","0","","","TELEMETRY_APP","3 / 3",""
"3/15, 3:51 PM","0xFC to DBLF","","","","TRACEROUTE","",""
"3/15, 3:51 PM","ffa8","0","MQTT","","TELEMETRY_APP","3 / 7","4.3V 101%"
"3/15, 3:51 PM","!502ea456","240","","","encrypted","2 / 3",""
"3/15, 3:51 PM","ffa8","0","MQTT","","POSITION_APP","3 / 7","(38.286, -120.285) 25m asl"
"3/15, 3:52 PM","0xFC to ffa8","","","","TRACEROUTE","",""
"3/15, 3:52 PM","RIPR to !6f9c28fc","0","","","NODEINFO_APP","1 / 3","Ripon_Router"
"3/15, 3:52 PM","!b33da93d","175","","","encrypted","6 / 6",""
"3/15, 3:52 PM","STN1","0","","","NODEINFO_APP","3 / 7","Stockton Masonic Lodge K6ODS"
"3/15, 3:52 PM","U951","0","MQTT","","POSITION_APP","3 / 7","(37.754, -122.413) 16m asl"
"3/15, 3:53 PM","0xFC to U951","","","","TRACEROUTE","",""
"3/15, 3:53 PM","!7a423d5e","0","","","POSITION_APP","3 / 3","(38.194, -122.133) 6m asl"
"3/15, 3:53 PM","MT","0","6.5","-42","NODEINFO_APP","0 / 7","MeshTerminal (ke6uop)"
"3/15, 3:53 PM","Mfeb","0","","","TELEMETRY_APP","3 / 3",""
"3/15, 3:54 PM","a17c","0","","","TELEMETRY_APP","4 / 7","4.0V 86%"
"3/15, 3:55 PM","0xFC to a17c","","","","TRACEROUTE","",""
"3/15, 3:54 PM","SLD1 to a17c","0","","","NODEINFO_APP","3 / 7","SierraLD1"
"3/15, 3:55 PM","!4373ad5","0","","","POSITION_APP","3 / 3","(37.631, -120.757) -226m asl"
"3/15, 3:55 PM","SLD1","0","","","TELEMETRY_APP","2 / 7","4.3V 101%"
"3/15, 3:55 PM","0xFC","0","","","TELEMETRY_APP","",""
"3/15, 3:56 PM","!e33132c0","144","","","encrypted","1 / 4",""
"3/15, 3:56 PM","MFMP","0","","","POSITION_APP","4 / 5","(38.142, -120.403) 1029m asl"
"3/15, 3:57 PM","0xFC to MFMP","","","","TRACEROUTE","",""
"3/15, 3:57 PM","RIPR to !2286a762","0","","","NODEINFO_APP","3 / 3","Ripon_Router"
"3/15, 3:57 PM","P2NE","0","","","POSITION_APP","2 / 5","(38.235, -120.339) 1187m asl"
"3/15, 3:58 PM","0xFC to P2NE","","","","TRACEROUTE","",""
"3/15, 3:57 PM","TWKE","0","","","TELEMETRY_APP","3 / 5",""
"3/15, 3:57 PM","!1d4842b6","0","","","POSITION_APP","7 / 7","(36.779, -119.774) 94m asl"
"3/15, 3:58 PM","0xFC to TWKE","","","","TRACEROUTE","",""
"3/15, 3:58 PM","8998","0","","","POSITION_APP","5 / 7","(37.254, -121.888) 55m asl"
"3/15, 3:58 PM","TM1","0","","","TELEMETRY_APP","1 / 3","0.0V 101%"
"3/15, 3:59 PM","MFMQ","0","","","POSITION_APP","3 / 4","(38.142, -120.403) 1038m asl"
"3/15, 4:00 PM","0xFC to MFMQ","","","","TRACEROUTE","",""
"3/15, 3:59 PM","RIPR","0","","","TELEMETRY_APP","3 / 3","4.2V 98%"
"3/15, 3:59 PM","22b8","0","","","TELEMETRY_APP","3 / 7","4.2V 100%"
"3/15, 4:00 PM","22b8","0","","","POSITION_APP","3 / 7","(38.293, -120.275) 1435m asl"
"3/15, 4:00 PM","DBW","0","","","POSITION_APP","6 / 7","(37.356, -121.976) 23m asl"
"3/15, 4:01 PM","0xFC to DBW","","","","TRACEROUTE","",""
"3/15, 4:00 PM","!e10d5fbe","0","","","POSITION_APP","5 / 5","(38.280, -122.035) 34m asl"
"3/15, 4:00 PM","MFMP","0","","","NODEINFO_APP","3 / 5","MFM Portable"
"3/15, 4:02 PM","MYR1 to MFMP","0","6.25","-43","NODEINFO_APP","","Enorym_346c"
"3/15, 4:02 PM","DOME","0","","","POSITION_APP","7 / 7","(38.286, -120.285) 1453m asl"
"3/15, 4:03 PM","0xFC to DOME","","","","TRACEROUTE","",""
"3/15, 4:03 PM","U951","0","MQTT","","POSITION_APP","3 / 7","(37.754, -122.413) 16m asl"
"3/15, 4:03 PM","MT","0","6","-42","NODEINFO_APP","0 / 7","MeshTerminal (ke6uop)"
"3/15, 4:03 PM","!4373ad5","0","","","POSITION_APP","3 / 3","(37.631, -120.757) 22m asl"
"3/15, 4:04 PM","0xFC to !4373ad5","","","","TRACEROUTE","",""
"3/15, 4:03 PM","!e10d5fbe","0","","","POSITION_APP","4 / 5","(38.280, -122.035) 31m asl"
"3/15, 4:03 PM","WB6T to !e10d5fbe","0","","","NODEINFO_APP","2 / 3","WB6TOU"
"3/15, 4:05 PM","0xFC to !e10d5fbe","","","","TRACEROUTE","",""
"3/15, 4:05 PM","!5f2e1a7b","0","","","TELEMETRY_APP","7 / 7","3.8V 63%"
"3/15, 4:05 PM","STN1","0","","","TELEMETRY_APP","2 / 7","4.1V 93%"
"3/15, 4:06 PM","STN1","0","","","TELEMETRY_APP","2 / 7",""
"3/15, 4:06 PM","2569","0","","","TELEMETRY_APP","5 / 5","4.2V 97%"
"3/15, 4:06 PM","Bee1","0","","","NODEINFO_APP","3 / 3","Bee1"
"3/15, 4:06 PM","WF9","0","","","POSITION_APP","3 / 3","(37.631, -120.757) 34m asl"
"3/15, 4:07 PM","0xFC to WF9","","","","TRACEROUTE","",""
"3/15, 4:07 PM","!a2eb4184","0","","","POSITION_APP","4 / 4","(37.311, -121.951) 25m asl"
"3/15, 4:08 PM","0xFC to !a2eb4184","","","","TRACEROUTE","",""
"3/15, 4:08 PM","RIPR to WF9","0","","","NODEINFO_APP","1 / 3","Ripon_Router"
"3/15, 4:08 PM","GG01","0","","","POSITION_APP","3 / 5","(37.985, -120.403) 629m asl"
"3/15, 4:09 PM","0xFC to GG01","","","","TRACEROUTE","",""
"3/15, 4:09 PM","!69844b1c","0","","","STORE_FORWARD_APP","5 / 7",""
"3/15, 4:09 PM","MYR1 to !34a5bb81","0","-17","-128","NODEINFO_APP","","Enorym_346c"
"3/15, 4:10 PM","MFMS","0","","","TELEMETRY_APP","4 / 7","4.1V 101%"
"3/15, 4:10 PM","tblu","0","-17","-128","NODEINFO_APP","0 / 5","ERSN BLUE"
"3/15, 4:10 PM","0xFC","0","","","TELEMETRY_APP","",""
"3/15, 4:11 PM","D","0","","","POSITION_APP","6 / 7","(37.356, -122.028) 33m asl"
"3/15, 4:12 PM","0xFC to D","","","","TRACEROUTE","",""
"3/15, 4:11 PM","WB6T to D","0","","","NODEINFO_APP","2 / 3","WB6TOU"
"3/15, 4:11 PM","2569","0","","","NODEINFO_APP","5 / 5","Meshtastic 2569"
"3/15, 4:12 PM","enfm","0","","","TELEMETRY_APP","1 / 7","4.1V 96%"
"3/15, 4:12 PM","!1ebc35b9","0","6.5","-42","POSITION_APP","","(37.670, -122.080) 159m asl"
"3/15, 4:13 PM","MFMY to !1ebc35b9","0","","","NODEINFO_APP","3 / 6","MFM Mini Yellow"
"3/15, 4:13 PM","U951","0","MQTT","","POSITION_APP","2 / 7","(37.754, -122.413) 16m asl"
"3/15, 4:14 PM","0xFC to U951","","","","TRACEROUTE","",""
"3/15, 4:13 PM","MT","0","6.5","-43","NODEINFO_APP","0 / 7","MeshTerminal (ke6uop)"
"3/15, 4:14 PM","BIC","0","","","POSITION_APP","2 / 3","(38.037, -121.661) -18m asl"
"3/15, 4:15 PM","0xFC to BIC","","","","TRACEROUTE","",""
"3/15, 4:14 PM","RIPR","0","","","TELEMETRY_APP","3 / 3","4.2V 98%"
"3/15, 4:15 PM","!dcb9f557","0","","","POSITION_APP","5 / 6","(38.280, -122.061) 50m asl"
"3/15, 4:15 PM","DBLF","0","","","TELEMETRY_APP","2 / 3","0.0V 101%"
"3/15, 4:16 PM","0xFC to DBLF","","","","TRACEROUTE","",""
"3/15, 4:15 PM","MT","0","6.5","-42","TELEMETRY_APP","0 / 7","4.2V 101%"
"3/15, 4:16 PM","!e4ea040","218","","","encrypted","2 / 7",""
"3/15, 4:16 PM","ffa8","0","","","POSITION_APP","3 / 7","(38.286, -120.285) 1450m asl"
"3/15, 4:17 PM","0xFC to ffa8","","","","TRACEROUTE","",""
"3/15, 4:16 PM","f63c","0","MQTT","","NODEINFO_APP","5 / 7","Meshtastic f63c"
"3/15, 4:17 PM","8998","0","","","NODEINFO_APP","5 / 7","K6RPT"
"3/15, 4:18 PM","0xFC to 8998","","","","TRACEROUTE","",""
"3/15, 4:17 PM","A23G","0","MQTT","","POSITION_APP","3 / 5","(37.754, -122.413) 30m asl"
"3/15, 4:18 PM","0xFC to A23G","","","","TRACEROUTE","",""
"3/15, 4:18 PM","!43f442a4","0","","","TELEMETRY_APP","5 / 5",""
"3/15, 4:18 PM","Mfeb","0","","","POSITION_APP","3 / 3","(37.722, -121.132) 0m asl"
"3/15, 4:19 PM","0xFC to Mfeb","","","","TRACEROUTE","",""
"3/15, 4:19 PM","HA0","0","","","TELEMETRY_APP","2 / 7","4.1V 93%"
"3/15, 4:19 PM","MFMY to ffa8","0","","","NODEINFO_APP","4 / 6","MFM Mini Yellow"
"3/15, 4:19 PM","RIPR to A23G","0","","","NODEINFO_APP","2 / 3","Ripon_Router"
"3/15, 4:20 PM","STN1","0","","","TELEMETRY_APP","2 / 7","4.1V 93%"
"3/15, 4:21 PM","STN1","0","","","TELEMETRY_APP","2 / 7",""
"3/15, 4:23 PM","!2ba37ca8","0","","","TELEMETRY_APP","6 / 7","0.0V 101%"
"3/15, 4:23 PM","WB6T to !2ba37ca8","0","","","NODEINFO_APP","3 / 3","WB6TOU"
"3/15, 4:23 PM","TM1","0","","","POSITION_APP","2 / 3","(37.513, -120.875) 40m asl"
"3/15, 4:24 PM","0xFC to TM1","","","","TRACEROUTE","",""
"3/15, 4:23 PM","A23G","0","MQTT","","TELEMETRY_APP","3 / 5","4.2V 98%"
"3/15, 4:23 PM","MT","0","6.5","-43","NODEINFO_APP","0 / 7","MeshTerminal (ke6uop)"
"3/15, 4:24 PM","U951","0","MQTT","","POSITION_APP","3 / 7","(37.754, -122.413) 16m asl"
"3/15, 4:24 PM","BCN1","0","","","POSITION_APP","6 / 7","(37.408, -121.871) 40m asl"
"3/15, 4:25 PM","0xFC to BCN1","","","","TRACEROUTE","",""
"3/15, 4:24 PM","!9e78e31c","214","","","encrypted","3 / 7",""
"3/15, 4:25 PM","🦝","0","","","TELEMETRY_APP","4 / 5","0.0V 101%"
"3/15, 4:26 PM","0xFC to 🦝","","","","TRACEROUTE","",""
"3/15, 4:25 PM","🦝","0","","","TELEMETRY_APP","4 / 5",""
"3/15, 4:25 PM","P2NE","0","","","POSITION_APP","2 / 5","(38.235, -120.339) 1187m asl"
"3/15, 4:26 PM","0xFC to P2NE","","","","TRACEROUTE","",""
"3/15, 4:25 PM","0xFC","0","","","TELEMETRY_APP","",""
"3/15, 4:26 PM","RIPR to P2NE","0","","","NODEINFO_APP","2 / 3","Ripon_Router"
"3/15, 4:26 PM","HA0","0","","","NODEINFO_APP","2 / 7","HA0 Fixed 65e1"
"3/15, 4:27 PM","0xFA to !a2eb4184","0","","","NODEINFO_APP","1 / 7","0xFA Shrike"
"3/15, 4:28 PM","BTVW","0","","","TELEMETRY_APP","2 / 7","4.2V 100%"
"3/15, 4:28 PM","GG01","0","","","NODEINFO_APP","1 / 5","GG_Repeater_01"
"3/15, 4:29 PM","0xFC to GG01","","","","TRACEROUTE","",""
"3/15, 4:29 PM","ee2c","0","-19.75","-128","NODEINFO_APP","","Meshtastic ee2c"
"3/15, 4:29 PM","RIPR","0","","","TELEMETRY_APP","2 / 3","4.2V 99%"
"3/15, 4:29 PM","Mfeb","0","","","POSITION_APP","3 / 3","(37.722, -121.132) 0m asl"
"3/15, 4:30 PM","D","0","","","TELEMETRY_APP","5 / 7",""
"3/15, 4:31 PM","0xFC to D","","","","TRACEROUTE","",""
"3/15, 4:30 PM","D","0","","","TELEMETRY_APP","7 / 7","4.2V 101%"
"3/15, 4:30 PM","!e2e5ffc8","132","","","encrypted","4 / 7",""
"3/15, 4:30 PM","P1NE","0","","","TELEMETRY_APP","1 / 5","4.1V 91%"
"3/15, 4:32 PM","elxx","0","","","POSITION_APP","2 / 7","(37.985, -120.298) 691m asl"
"3/15, 4:33 PM","0xFC to elxx","","","","TRACEROUTE","",""
"3/15, 4:33 PM","MT","0","6.25","-42","NODEINFO_APP","0 / 7","MeshTerminal (ke6uop)"
"3/15, 4:33 PM","MYR1","0","-18","-128","TELEMETRY_APP","","4.1V 84%"
"3/15, 4:34 PM","MFMS","0","","","NODEINFO_APP","2 / 7","MFM Solar"
"3/15, 4:34 PM","470b","0","","","NODEINFO_APP","1 / 7","DBS 470b"
"3/15, 4:34 PM","U951","0","MQTT","","POSITION_APP","3 / 7","(37.754, -122.413) 16m asl"
"3/15, 4:35 PM","0xFC to U951","","","","TRACEROUTE","",""
"3/15, 4:34 PM","0xFA to U951","0","","","NODEINFO_APP","2 / 7","0xFA Shrike"
"3/15, 4:35 PM","RIPR to elxx","0","","","NODEINFO_APP","2 / 3","Ripon_Router"
"3/15, 4:35 PM","ee2c to elxx","0","-20","-128","NODEINFO_APP","","Meshtastic ee2c"
"3/15, 4:35 PM","470b","0","","","TELEMETRY_APP","1 / 7","4.1V 94%"
"3/15, 4:36 PM","enas","0","","","TELEMETRY_APP","1 / 7","4.2V 98%"
"3/15, 4:37 PM","MFMY to enas","0","","","NODEINFO_APP","3 / 6","MFM Mini Yellow"
"3/15, 4:37 PM","MYR1","0","6","-42","NODEINFO_APP","","Enorym_346c"
"3/15, 4:37 PM","BIC","0","","","POSITION_APP","3 / 3","(38.037, -121.661) -18m asl"
"3/15, 4:38 PM","0xFC to BIC","","","","TRACEROUTE","",""
"3/15, 4:39 PM","!69844b1c","0","","","STORE_FORWARD_APP","4 / 7",""
"3/15, 4:39 PM","tblu","0","","","TELEMETRY_APP","2 / 5","4.1V 94%"
"3/15, 4:39 PM","0xFA to !69844b1c","0","","","NODEINFO_APP","1 / 7","0xFA Shrike"
"3/15, 4:40 PM","d7af","0","","","NODEINFO_APP","3 / 3","Meshtastic d7af"
"3/15, 4:41 PM","0xFC to d7af","","","","TRACEROUTE","",""
"3/15, 4:40 PM","!e4ea040","218","","","encrypted","2 / 7",""
"3/15, 4:40 PM","!e10d5fbe","0","","","POSITION_APP","5 / 5","(38.280, -122.035) 9m asl"
"3/15, 4:41 PM","0xFC to !e10d5fbe","","","","TRACEROUTE","",""
"3/15, 4:40 PM","0xFC","0","","","TELEMETRY_APP","",""
"3/15, 4:40 PM","470b","0","","","POSITION_APP","1 / 7","(38.247, -120.350) 1272m asl"
"3/15, 4:40 PM","WB6T to !e10d5fbe","0","","","NODEINFO_APP","2 / 3","WB6TOU"
"3/15, 4:41 PM","MFMY","0","","","TEXT_MESSAGE_APP","3 / 6",""
"3/15, 4:41 PM","f63c","0","","","POSITION_APP","3 / 7","(39.177, -121.228) 432m asl"
"3/15, 4:43 PM","Mfeb","0","","","TELEMETRY_APP","3 / 3",""
"3/15, 4:44 PM","0xFC to Mfeb","","","","TRACEROUTE","",""
"3/15, 4:43 PM","enrr","0","-18","-128","NODEINFO_APP","0 / 7","ERSN Rocky Ridge"
"3/15, 4:43 PM","MT","0","6.25","-42","NODEINFO_APP","0 / 7","MeshTerminal (ke6uop)"
"3/15, 4:43 PM","Mfeb to 0xFC","0","","","TRACEROUTE_APP","3 / 4","0xFC -> MT -> tblu -> enfm -> RIPR -> Mfeb"
"3/15, 4:44 PM","MFMQ","0","","","POSITION_APP","3 / 4","(38.142, -120.403) 1038m asl"
"3/15, 4:45 PM","0xFC to MFMQ","","","","TRACEROUTE","",""
"3/15, 4:44 PM","RIPR","0","","","TELEMETRY_APP","2 / 3","4.2V 99%"
"3/15, 4:45 PM","U951","0","MQTT","","POSITION_APP","3 / 7","(37.754, -122.413) 16m asl"
"3/15, 4:45 PM","0xFA to U951","0","","","NODEINFO_APP","2 / 7","0xFA Shrike"
"3/15, 4:45 PM","enfm","0","","","NODEINFO_APP","1 / 7","ERSN Forest Meadows"
"3/15, 4:49 PM","A23G","0","MQTT","","POSITION_APP","3 / 5","(37.754, -122.413) 30m asl"
"3/15, 4:50 PM","0xFC to A23G","","","","TRACEROUTE","",""
"3/15, 4:49 PM","RIPR to A23G","0","","","NODEINFO_APP","2 / 3","Ripon_Router"
"3/15, 4:50 PM","STN1","0","","","TELEMETRY_APP","3 / 7","4.1V 93%"
"3/15, 4:50 PM","MT","0","7.5","-42","TELEMETRY_APP","0 / 7","4.2V 101%"
"3/15, 4:53 PM","WB6T","0","","","POSITION_APP","3 / 3","(38.137, -121.285) 15m asl"
"3/15, 4:53 PM","WB6T","0","","","TELEMETRY_APP","3 / 3","4.2V 101%"
"3/15, 4:54 PM","0xFC to WB6T","","","","TRACEROUTE","",""
"3/15, 4:53 PM","MT","0","6.5","-41","NODEINFO_APP","0 / 7","MeshTerminal (ke6uop)"
"3/15, 4:54 PM","MFMY","0","","","TEXT_MESSAGE_APP","3 / 6",""
"3/15, 4:55 PM","MFMY","0","","","TEXT_MESSAGE_APP","3 / 6",""
"3/15, 4:55 PM","8998","0","","","POSITION_APP","7 / 7","(37.254, -121.888) 55m asl"
"3/15, 4:56 PM","0xFC to 8998","","","","TRACEROUTE","",""
"3/15, 4:55 PM","0xFC","0","","","TELEMETRY_APP","",""
"3/15, 4:56 PM","OC5F","0","MQTT","","TELEMETRY_APP","3 / 5","3.3V 9%"
"3/15, 4:56 PM","0xFA to OC5F","0","","","NODEINFO_APP","1 / 7","0xFA Shrike"
"3/15, 4:57 PM","BOOM","0","","","POSITION_APP","4 / 5","(36.831, -119.878) 94m asl"
"3/15, 4:58 PM","0xFC to BOOM","","","","TRACEROUTE","",""
"3/15, 4:58 PM","MFMY to BOOM","0","","","NODEINFO_APP","3 / 6","MFM Mini Yellow"
"3/15, 4:58 PM","AB01","0","","","TELEMETRY_APP","7 / 7","4.3V 100%"
"3/15, 4:58 PM","BTVW","0","","","TELEMETRY_APP","4 / 7","4.2V 100%"
"3/15, 4:58 PM","TM1","0","","","TELEMETRY_APP","1 / 3","0.0V 101%"
"3/15, 4:59 PM","0xFC to TM1","","","","TRACEROUTE","",""
"3/15, 4:59 PM","a17c","0","","","POSITION_APP","7 / 7","(37.303, -122.028) 89m asl"
"3/15, 5:00 PM","0xFC to a17c","","","","TRACEROUTE","",""
"3/15, 4:59 PM","8c32","0","","","NODEINFO_APP","3 / 5","Pinebrook Kirt"
"3/15, 5:01 PM","DRW","0","","","TELEMETRY_APP","7 / 7","4.3V 101%"
"3/15, 5:01 PM","MP","0","","","TELEMETRY_APP","3 / 7","3.9V 69%"
"3/15, 5:02 PM","WB6T to MP","0","","","NODEINFO_APP","2 / 3","WB6TOU"
"3/15, 5:02 PM","RIPR to MP","0","","","NODEINFO_APP","2 / 3","Ripon_Router"
"3/15, 5:02 PM","elxx","0","","","POSITION_APP","3 / 7","(37.985, -120.298) 691m asl"
"3/15, 5:03 PM","0xFC to elxx","","","","TRACEROUTE","",""
"3/15, 5:02 PM","DS09","0","","","NODEINFO_APP","1 / 3","Deep Space 9"
"3/15, 5:03 PM","elxx to 0xFC","0","","","TRACEROUTE_APP","2 / 5","0xFC -> MT -> enrr -> 0xFA -> elxx"
"3/15, 5:03 PM","MT","0","6","-41","NODEINFO_APP","0 / 7","MeshTerminal (ke6uop)"
"3/15, 5:03 PM","MYR1","0","6.75","-42","TELEMETRY_APP","","4.1V 84%"
"3/15, 5:04 PM","!c7181daf","0","","","POSITION_APP","3 / 7","(37.942, -120.610) 189m asl"
"3/15, 5:04 PM","0xFA to !c7181daf","0","","","NODEINFO_APP","1 / 7","0xFA Shrike"
"3/15, 5:05 PM","elxx","0","","","NODEINFO_APP","3 / 7","GG_crumpled.01"
"3/15, 5:05 PM","TM1","0","","","POSITION_APP","3 / 3","(37.513, -120.875) 40m asl"
"3/15, 5:05 PM","470b","0","","","TEXT_MESSAGE_APP","5 / 7",""
"3/15, 5:06 PM","0xFC to 470b","","","","TRACEROUTE","",""
"3/15, 5:05 PM","STN1","0","","","TELEMETRY_APP","2 / 7","4.1V 93%"
"3/15, 5:06 PM","STN1","0","","","TELEMETRY_APP","2 / 7",""
"3/15, 5:06 PM","U951","0","MQTT","","POSITION_APP","3 / 7","(37.754, -122.413) 16m asl"
"3/15, 5:07 PM","0xFC to U951","","","","TRACEROUTE","",""
"3/15, 5:06 PM","A23G","0","MQTT","","TELEMETRY_APP","5 / 5","4.2V 98%"
"3/15, 5:07 PM","0xFC to A23G","","","","TRACEROUTE","",""
"3/15, 5:07 PM","GOYL","0","","","TELEMETRY_APP","2 / 5",""
"3/15, 5:07 PM","WB6T to GOYL","0","","","NODEINFO_APP","2 / 3","WB6TOU"
"3/15, 5:07 PM","d7af","0","","","POSITION_APP","2 / 3","(37.991, -121.746) ?m asl"
"3/15, 5:08 PM","0xFC to d7af","","","","TRACEROUTE","",""
"3/15, 5:07 PM","!5bd1927a","0","","","TELEMETRY_APP","3 / 3","4.1V 101%"
"3/15, 5:07 PM","8998","0","","","POSITION_APP","4 / 7","(37.254, -121.888) 55m asl"
"3/15, 5:08 PM","d7af","0","","","TELEMETRY_APP","3 / 3","0.0V 101%"
"3/15, 5:08 PM","!a5665697","0","","","TELEMETRY_APP","1 / 7","4.1V 93%"
"3/15, 5:09 PM","0xFA","0","","","TEXT_MESSAGE_APP","1 / 7",""
"3/15, 5:09 PM","!e4ea040","218","","","encrypted","2 / 7",""
"3/15, 5:09 PM","470b","0","","","POSITION_APP","2 / 7","(38.299, -120.298) 1455m asl"
"3/15, 5:09 PM","0xFA","0","","","TEXT_MESSAGE_APP","3 / 7",""
"3/15, 5:09 PM","RIPR to 0xFA","0","","","NODEINFO_APP","3 / 3","Ripon_Router"
"3/15, 5:10 PM","SLD1","0","","","TELEMETRY_APP","2 / 7","4.3V 101%"
"3/15, 5:10 PM","BIC","0","","","POSITION_APP","2 / 3","(38.037, -121.661) -18m asl"
"3/15, 5:11 PM","0xFC to BIC","","","","TRACEROUTE","",""
"3/15, 5:10 PM","enpl","0","","","TELEMETRY_APP","2 / 7","3.7V 50%"
"3/15, 5:10 PM","!a9e00e2f","0","-13","-123","TEXT_MESSAGE_APP","0 / 3",""
"3/15, 5:10 PM","0xFC","0","","","TELEMETRY_APP","",""
"3/15, 5:11 PM","0xFC to enpl","","","","TRACEROUTE","",""
"3/15, 5:10 PM","0xFA","0","","","TEXT_MESSAGE_APP","2 / 7",""
"3/15, 5:11 PM","470b","0","MQTT","","TEXT_MESSAGE_APP","3 / 7",""
"3/15, 5:11 PM","A23G","0","MQTT","","POSITION_APP","3 / 5","(37.754, -122.413) 30m asl"
"3/15, 5:12 PM","MFMY to !a2eb4184","0","","","NODEINFO_APP","4 / 6","MFM Mini Yellow"
"3/15, 5:12 PM","22b8","0","MQTT","","NODEINFO_APP","3 / 7","🦢 Snowshoe Lake"
"3/15, 5:13 PM","0xFC to 22b8","","","","TRACEROUTE","",""
"3/15, 5:13 PM","22b8 to 0xFC","0","","","TRACEROUTE_APP","3 / 6","0xFC -> MT -> enrr -> tblu -> BTVW -> 22b8"
"3/15, 5:13 PM","LBSS to !e2e386c4","0","","","NODEINFO_APP","5 / 5","ElembeMesh: Shell Solar"
"3/15, 5:13 PM","MT","0","6.25","-42","NODEINFO_APP","0 / 7","MeshTerminal (ke6uop)"
"3/15, 5:14 PM","RIPR","0","","","TELEMETRY_APP","2 / 3","4.2V 99%"
"3/15, 5:15 PM","!69844b1c","0","","","STORE_FORWARD_APP","6 / 7",""
"3/15, 5:15 PM","!6f62465a","0","","","TELEMETRY_APP","7 / 7","4.2V 101%"
"3/15, 5:15 PM","RIPR to !6f62465a","0","","","NODEINFO_APP","2 / 3","Ripon_Router"
"3/15, 5:16 PM","HA0","0","","","TELEMETRY_APP","2 / 7","4.2V 100%"
"3/15, 5:16 PM","U951","0","MQTT","","POSITION_APP","3 / 7","(37.754, -122.413) 16m asl"
"3/15, 5:17 PM","ASKp","0","","","TELEMETRY_APP","4 / 4","4.1V 93%"
"3/15, 5:20 PM","MFMY to !6f62465a","0","","","NODEINFO_APP","3 / 6","MFM Mini Yellow"
"3/15, 5:20 PM","TM1","0","","","POSITION_APP","2 / 3","(37.513, -120.875) 40m asl"
"3/15, 5:21 PM","0xFC to TM1","","","","TRACEROUTE","",""
"3/15, 5:20 PM","!da65b280","0","","","POSITION_APP","3 / 7","(37.932, -121.189) 14m asl"
"3/15, 5:21 PM","STN1","0","","","TELEMETRY_APP","2 / 7",""
"3/15, 5:22 PM","STN1","0","","","TELEMETRY_APP","3 / 7","4.1V 93%"
"3/15, 5:22 PM","hypn","0","MQTT","","POSITION_APP","7 / 7","(36.756, -119.810) 79m asl"
"3/15, 5:23 PM","0xFC to hypn","","","","TRACEROUTE","",""
"3/15, 5:22 PM","RIPR to hypn","0","","","NODEINFO_APP","2 / 3","Ripon_Router"
"3/15, 5:23 PM","2569","0","","","TELEMETRY_APP","5 / 5","4.2V 98%"
"3/15, 5:23 PM","MT","0","6.25","-43","NODEINFO_APP","0 / 7","MeshTerminal (ke6uop)"
"3/15, 5:24 PM","Mfeb","0","","","TELEMETRY_APP","2 / 3","4.1V 96%"
"3/15, 5:24 PM","Gold","0","","","POSITION_APP","3 / 3","(37.542, -120.065) 1290m asl"
"3/15, 5:25 PM","0xFC to Gold","","","","TRACEROUTE","",""
"3/15, 5:24 PM","!a0387fc0","120","MQTT","","encrypted","6 / 7",""
"3/15, 5:25 PM","MFMY to Gold","0","","","NODEINFO_APP","4 / 6","MFM Mini Yellow"
"3/15, 5:25 PM","!dd7137ac","139","","","encrypted","4 / 7",""
"3/15, 5:25 PM","0xFC","0","","","TELEMETRY_APP","",""
"3/15, 5:26 PM","8998","0","","","POSITION_APP","6 / 7","(37.254, -121.888) 55m asl"
"3/15, 5:27 PM","0xFC to 8998","","","","TRACEROUTE","",""
"3/15, 5:26 PM","🦝","0","","","TELEMETRY_APP","2 / 5","0.0V 101%"
"3/15, 5:27 PM","0xFC to 🦝","","","","TRACEROUTE","",""
"3/15, 5:26 PM","🦝","0","","","TELEMETRY_APP","3 / 5",""
"3/15, 5:27 PM","U951","0","MQTT","","POSITION_APP","3 / 7","(37.754, -122.413) 16m asl"
"3/15, 5:28 PM","0xFC to U951","","","","TRACEROUTE","",""
"3/15, 5:27 PM","6d5c","0","","","POSITION_APP","3 / 3","(37.723, -121.923) 119m asl"
"3/15, 5:27 PM","BTVW","0","","","NODEINFO_APP","1 / 7","Dorrington West"
"3/15, 5:28 PM","0xFC to 6d5c","","","","TRACEROUTE","",""
"3/15, 5:28 PM","WB6T to DBW","0","","","NODEINFO_APP","2 / 3","WB6TOU"
"3/15, 5:28 PM","DBW","0","","","POSITION_APP","7 / 7","(37.356, -121.976) 23m asl"
"3/15, 5:29 PM","0xFC to WB6T","","","","TRACEROUTE","",""
"3/15, 5:28 PM","WB6T to 0xFC","0","","","TRACEROUTE_APP","3 / 3","0xFC -> MT -> enrr -> WB6T"
"3/15, 5:29 PM","0xFC to DBW","","","","TRACEROUTE","",""
"3/15, 5:29 PM","P2NE","0","","","POSITION_APP","2 / 5","(38.235, -120.339) 1187m asl"
"3/15, 5:29 PM","RIPR to !5cd61b9b","0","","","NODEINFO_APP","2 / 3","Ripon_Router"
"3/15, 5:30 PM","0xFC to P2NE","","","","TRACEROUTE","",""
"3/15, 5:29 PM","RIPR","0","","","TELEMETRY_APP","3 / 3","4.2V 99%"
"3/15, 5:30 PM","A23G","0","MQTT","","NODEINFO_APP","3 / 5","Alabama 23 Gateway"
"3/15, 5:31 PM","0xFC to A23G","","","","TRACEROUTE","",""
"3/15, 5:30 PM","BTVW","0","","","TELEMETRY_APP","3 / 7","4.2V 100%"
"3/15, 5:30 PM","!25056e98","0","","","POSITION_APP","7 / 7","(37.303, -121.923) 40m asl"
"3/15, 5:31 PM","!b1d5dd79","0","","","POSITION_APP","3 / 7","(38.149, -120.449) 712m asl"
"3/15, 5:31 PM","Mfeb","0","","","NODEINFO_APP","3 / 3","Meshtastic mfebase"
"3/15, 5:31 PM","!dd7137ac","139","","","encrypted","1 / 7",""
"3/15, 5:32 PM","!dd7137ac","139","","","encrypted","2 / 7",""
"3/15, 5:32 PM","!a0a5fc0c","139","","","encrypted","1 / 7",""
"3/15, 5:32 PM","AB01","0","","","TELEMETRY_APP","6 / 7","4.3V 100%"
"3/15, 5:33 PM","WF9","0","","","POSITION_APP","3 / 3","(37.631, -120.757) 34m asl"
"3/15, 5:34 PM","0xFC to WF9","","","","TRACEROUTE","",""
"3/15, 5:33 PM","MT","0","6.5","-43","NODEINFO_APP","0 / 7","MeshTerminal (ke6uop)"
"3/15, 5:34 PM","A23G","0","MQTT","","POSITION_APP","3 / 5","(37.754, -122.413) 30m asl"
"3/15, 5:35 PM","!e2e5ffc8","132","","","encrypted","5 / 7",""
"3/15, 5:35 PM","Mfeb","0","","","TELEMETRY_APP","3 / 3",""
"3/15, 5:35 PM","!da65b280","0","","","POSITION_APP","2 / 7","(37.932, -121.189) 14m asl"
"3/15, 5:36 PM","0xFC to !da65b280","","","","TRACEROUTE","",""
"3/15, 5:36 PM","STN1","0","","","TELEMETRY_APP","2 / 7",""
"3/15, 5:36 PM","enas","0","MQTT","","TELEMETRY_APP","4 / 7","4.2V 99%"
"3/15, 5:36 PM","SLD1 to !a2eb4184","0","","","NODEINFO_APP","2 / 7","SierraLD1"
"3/15, 5:36 PM","elxx","0","","","POSITION_APP","1 / 7","(37.985, -120.298) 691m asl"
"3/15, 5:36 PM","!a2eb4184","0","","","POSITION_APP","4 / 4","(37.311, -121.951) 25m asl"
"3/15, 5:37 PM","0xFC to !a2eb4184","","","","TRACEROUTE","",""
"3/15, 5:37 PM","WB6T","0","","","POSITION_APP","1 / 3","(38.137, -121.285) 15m asl"
"3/15, 5:37 PM","U951","0","MQTT","","POSITION_APP","3 / 7","(37.754, -122.413) 16m asl"
"3/15, 5:37 PM","TM1","0","","","POSITION_APP","2 / 3","(37.513, -120.875) 40m asl"
"3/15, 5:38 PM","0xFC to TM1","","","","TRACEROUTE","",""
"3/15, 5:37 PM","RIPR to WB6T","0","","","NODEINFO_APP","3 / 3","Ripon_Router"
"3/15, 5:38 PM","!4096472b","0","","","POSITION_APP","3 / 3","(37.761, -121.976) 164m asl"
"3/15, 5:38 PM","!e4ea040","218","","","encrypted","2 / 7",""
"3/15, 5:39 PM","MFMY to WB6T","0","","","NODEINFO_APP","3 / 6","MFM Mini Yellow"
"3/15, 5:39 PM","WB6T to MFMY","0","","","NODEINFO_APP","2 / 3","WB6TOU"
"3/15, 5:39 PM","TWKE","0","","","TELEMETRY_APP","3 / 5",""
"3/15, 5:40 PM","0xFC to TWKE","","","","TRACEROUTE","",""
"3/15, 5:40 PM","TWKE to 0xFC","0","","","TRACEROUTE_APP","5 / 5","0xFC -> MT -> enrr -> 🌋 -> TWKE"
"3/15, 5:40 PM","SLD1","0","","","TELEMETRY_APP","2 / 7","4.3V 101%"
"3/15, 5:40 PM","GG01","0","","","POSITION_APP","1 / 5","(37.985, -120.403) 629m asl"
"3/15, 5:41 PM","0xFC to GG01","","","","TRACEROUTE","",""
"3/15, 5:40 PM","0xFC","0","","","TELEMETRY_APP","",""
"3/15, 5:41 PM","!4373ad5","0","","","POSITION_APP","3 / 3","(37.631, -120.757) 28m asl"
"3/15, 5:42 PM","0xFC to !4373ad5","","","","TRACEROUTE","",""
"3/15, 5:41 PM","!4373ad5 to 0xFC","0","","","TRACEROUTE_APP","3 / 5","0xFC -> MT -> enrr -> MFMS -> enfm -> HA0 -> !4373ad5"
"3/15, 5:41 PM","!8340fe12","0","","","POSITION_APP","3 / 3","(38.981, -122.762) 535m asl"
"3/15, 5:42 PM","PAPA","0","","","NODEINFO_APP","6 / 7","Papa-26"
"3/15, 5:42 PM","SNY1","0","","","TELEMETRY_APP","5 / 6","4.3V 101%"
"3/15, 5:42 PM","SLD1 to SNY1","0","","","NODEINFO_APP","2 / 7","SierraLD1"
"3/15, 5:43 PM","🌋","0","","","TELEMETRY_APP","2 / 3",""
"3/15, 5:43 PM","MT","0","6.5","-44","NODEINFO_APP","0 / 7","MeshTerminal (ke6uop)"
"3/15, 5:44 PM","B000","0","","","STORE_FORWARD_APP","3 / 7",""
"3/15, 5:44 PM","MYR1 to !34a5bb81","0","","","NODEINFO_APP","","Enorym_346c"
"3/15, 5:44 PM","RIPR","0","","","TELEMETRY_APP","2 / 3","4.2V 99%"
"3/15, 5:44 PM","RIPR to B000","0","","","NODEINFO_APP","2 / 3","Ripon_Router"
"3/15, 5:46 PM","A23G","0","MQTT","","POSITION_APP","3 / 5","(37.754, -122.413) 30m asl"
"3/15, 5:47 PM","0xFC to A23G","","","","TRACEROUTE","",""
"3/15, 5:46 PM","!eb76ac6d","0","","","POSITION_APP","5 / 5","(36.329, -119.315) 330m asl"
"3/15, 5:46 PM","!8af5f52f","0","","","POSITION_APP","5 / 5","(37.356, -121.818) ?m asl"
"3/15, 5:46 PM","WB6T to !eb76ac6d","0","","","NODEINFO_APP","2 / 3","WB6TOU"
"3/15, 5:47 PM","0xFC to !eb76ac6d","","","","TRACEROUTE","",""
"3/15, 5:47 PM","PMOK","0","","","NODEINFO_APP","3 / 3","PeakMesh Oakley"
"3/15, 5:47 PM","MT","0","6.75","-42","TELEMETRY_APP","0 / 7","4.2V 101%"
"3/15, 5:49 PM","!f900e1f","0","","","POSITION_APP","2 / 3","(38.037, -120.403) 625m asl"
"3/15, 5:49 PM","U951","0","MQTT","","POSITION_APP","3 / 7","(37.754, -122.413) 16m asl"
"3/15, 5:50 PM","0xFC to U951","","","","TRACEROUTE","",""
"3/15, 5:50 PM","TM1","0","","","POSITION_APP","3 / 3","(37.513, -120.875) 40m asl"
"3/15, 5:50 PM","RIPR to U951","0","","","NODEINFO_APP","2 / 3","Ripon_Router"
"3/15, 5:50 PM","!da6565c4","0","","","POSITION_APP","5 / 6","(36.831, -119.826) 37m asl"
"3/15, 5:50 PM","Mfeb","0","","","POSITION_APP","3 / 3","(37.722, -121.132) 0m asl"
"3/15, 5:50 PM","!da65b280","0","","","POSITION_APP","3 / 7","(37.932, -121.189) 14m asl"
"3/15, 5:51 PM","0xFC to !da65b280","","","","TRACEROUTE","",""
"3/15, 5:51 PM","DBLF","0","","","TELEMETRY_APP","3 / 3",""
"3/15, 5:52 PM","0xFC to DBLF","","","","TRACEROUTE","",""
"3/15, 5:53 PM","A23G","0","MQTT","","TELEMETRY_APP","3 / 5","4.2V 98%"
"3/15, 5:53 PM","MT","0","5.75","-44","NODEINFO_APP","0 / 7","MeshTerminal (ke6uop)"
"3/15, 5:54 PM","Yagi","0","","","TELEMETRY_APP","5 / 7","4.1V 94%"
"3/15, 5:54 PM","WB6T to Yagi","0","","","NODEINFO_APP","1 / 3","WB6TOU"
"3/15, 5:54 PM","!2db8d0a8","64","MQTT","","encrypted","7 / 7",""
"3/15, 5:54 PM","enpl","0","","","POSITION_APP","2 / 7","(38.236, -120.342) 1148m asl"
"3/15, 5:55 PM","0xFC to enpl","","","","TRACEROUTE","",""
"3/15, 5:55 PM","enpl to 0xFC","0","","","TRACEROUTE_APP","2 / 4","0xFC -> MT -> enrr -> enpl"
"3/15, 5:55 PM","0xFC","0","","","TELEMETRY_APP","",""
"3/15, 5:56 PM","a17c","0","","","TELEMETRY_APP","4 / 7","3.9V 71%"
"3/15, 5:57 PM","0xFC to a17c","","","","TRACEROUTE","",""
"3/15, 5:56 PM","RIPR to a17c","0","","","NODEINFO_APP","2 / 3","Ripon_Router"
"3/15, 5:56 PM","80b0","0","MQTT","","TELEMETRY_APP","7 / 7","3.8V 54%"
"3/15, 5:56 PM","DOME","0","MQTT","","POSITION_APP","3 / 7","(38.286, -120.285) 1453m asl"
"3/15, 5:57 PM","0xFC to DOME","","","","TRACEROUTE","",""
"3/15, 5:56 PM","MYR1 to DOME","0","","","NODEINFO_APP","","Enorym_346c"
"3/15, 5:57 PM","WF9","0","","","POSITION_APP","3 / 3","(37.631, -120.757) 34m asl"
"3/15, 5:57 PM","!9e78e31c","214","","","encrypted","3 / 7",""
"3/15, 5:58 PM","0xFC to WF9","","","","TRACEROUTE","",""
"3/15, 5:57 PM","St35","0","","","POSITION_APP","6 / 7","(37.251, -121.818) 66m asl"
"3/15, 5:57 PM","a17c","0","","","POSITION_APP","7 / 7","(37.303, -122.028) 89m asl"
"3/15, 5:57 PM","8998","0","","","POSITION_APP","4 / 7","(37.254, -121.888) 55m asl"
"3/15, 5:58 PM","0xFC to St35","","","","TRACEROUTE","",""
"3/15, 5:58 PM","TM1","0","","","TELEMETRY_APP","2 / 3","0.0V 101%"
"3/15, 5:59 PM","0xFC to 8998","","","","TRACEROUTE","",""
"3/15, 5:58 PM","A23G","0","MQTT","","POSITION_APP","3 / 5","(37.754, -122.413) 30m asl"
"3/15, 5:59 PM","0xFC to TM1","","","","TRACEROUTE","",""
"3/15, 5:59 PM","BTVW","0","","","TELEMETRY_APP","1 / 7","4.2V 100%"
"3/15, 5:59 PM","B000","0","","","STORE_FORWARD_APP","2 / 7",""
"3/15, 5:59 PM","RIPR","0","","","TELEMETRY_APP","1 / 3","4.2V 99%"
"3/15, 6:00 PM","2569","95","","","encrypted","5 / 5",""
"3/15, 6:00 PM","FJJB","0","","","TELEMETRY_APP","4 / 7","4.3V 101%"
"3/15, 6:00 PM","WB6T to FJJB","0","","","NODEINFO_APP","2 / 3","WB6TOU"
"3/15, 6:00 PM","!f900e1f","0","","","POSITION_APP","1 / 3","(38.037, -120.403) 609m asl"
"3/15, 6:01 PM","0xFC to !f900e1f","","","","TRACEROUTE","",""
"3/15, 6:01 PM","!f900e1f to 0xFC","0","","","TRACEROUTE_APP","1 / 3","0xFC -> MT -> enfm -> !f900e1f"
"3/15, 6:01 PM","BIC","0","","","POSITION_APP","2 / 3","(38.037, -121.661) -18m asl"
"3/15, 6:02 PM","0xFC to BIC","","","","TRACEROUTE","",""
"3/15, 6:02 PM","BIC to 0xFC","0","","","TRACEROUTE_APP","3 / 3","0xFC -> MT -> enrr -> BTVW -> 🦝 -> BIC"
"3/15, 6:02 PM","!25056e98","0","","","POSITION_APP","7 / 7","(37.303, -121.923) 34m asl"
"3/15, 6:03 PM","0xFC to !25056e98","","","","TRACEROUTE","",""
"3/15, 6:02 PM","RIPR to !25056e98","0","","","NODEINFO_APP","1 / 3","Ripon_Router"
"3/15, 6:03 PM","LBTU","0","","","TELEMETRY_APP","5 / 5","4.2V 98%"
"3/15, 6:03 PM","80b0","0","MQTT","","POSITION_APP","5 / 7","(37.703, -122.441) 114m asl"
"3/15, 6:03 PM","SLD1 to !25056e98","0","","","NODEINFO_APP","4 / 7","SierraLD1"
"3/15, 6:03 PM","MT","0","5.75","-42","NODEINFO_APP","0 / 7","MeshTerminal (ke6uop)"
"3/15, 6:03 PM","MFMQ","0","","","POSITION_APP","3 / 4","(38.142, -120.403) 1038m asl"
"3/15, 6:04 PM","0xFC to MFMQ","","","","TRACEROUTE","",""
"3/15, 6:04 PM","MYR1","0","-16.75","-128","TELEMETRY_APP","","4.1V 85%"
"3/15, 6:04 PM","!4373ad5","0","","","POSITION_APP","3 / 3","(37.631, -120.757) 21m asl"
"3/15, 6:04 PM","BIC","0","","","NODEINFO_APP","3 / 3","Bethel Island Ca"
"3/15, 6:04 PM","8998","0","","","POSITION_APP","5 / 7","(37.254, -121.888) 55m asl"
"3/15, 6:05 PM","DRW","0","","","TELEMETRY_APP","6 / 7","4.2V 101%"
"3/15, 6:05 PM","TM1","0","","","POSITION_APP","2 / 3","(37.513, -120.875) 40m asl"
"3/15, 6:05 PM","MYR1 to !34a5bb81","0","","","NODEINFO_APP","","Enorym_346c"
"3/15, 6:05 PM","STN1","0","","","TELEMETRY_APP","1 / 7","4.1V 93%"
"3/15, 6:05 PM","MB","0","","","POSITION_APP","2 / 3","(37.985, -122.500) 60m asl"
"3/15, 6:06 PM","0xFC to MB","","","","TRACEROUTE","",""
"3/15, 6:06 PM","MFMY to MB","0","","","NODEINFO_APP","4 / 6","MFM Mini Yellow"
"3/15, 6:06 PM","!f900e1f","0","","","POSITION_APP","1 / 3","(38.037, -120.403) -3m asl"
"3/15, 6:06 PM","STN1","0","","","TELEMETRY_APP","1 / 7",""
"3/15, 6:06 PM","TM1","0","","","NODEINFO_APP","2 / 3","Turlock Mesh #1"
"3/15, 6:07 PM","!e5760a48","0","","","TELEMETRY_APP","7 / 7","4.8V 101%"
"3/15, 6:07 PM","!69823880","0","","","TELEMETRY_APP","5 / 5","4.3V 101%"
"3/15, 6:08 PM","!1a9a096b","120","MQTT","","encrypted","7 / 7",""
"3/15, 6:08 PM","AB01","0","","","TELEMETRY_APP","4 / 7","4.3V 100%"
"3/15, 6:08 PM","!eb76ac6d","0","","","POSITION_APP","5 / 5","(36.329, -119.315) 330m asl"
"3/15, 6:09 PM","0xFC to !eb76ac6d","","","","TRACEROUTE","",""
"3/15, 6:09 PM","RIPR to !eb76ac6d","0","","","NODEINFO_APP","2 / 3","Ripon_Router"
"3/15, 6:09 PM","AB01","0","","","NODEINFO_APP","6 / 7","Steelmountain_Node"
"3/15, 6:10 PM","SLD1","0","","","TELEMETRY_APP","2 / 7","4.3V 101%"
"3/15, 6:10 PM","A23G","0","MQTT","","POSITION_APP","3 / 5","(37.754, -122.413) 30m asl"
"3/15, 6:11 PM","0xFC to A23G","","","","TRACEROUTE","",""
"3/15, 6:10 PM","0xFC","0","","","TELEMETRY_APP","",""
"3/15, 6:11 PM","MFMY to !6c73d224","0","","","NODEINFO_APP","3 / 6","MFM Mini Yellow"
"3/15, 6:11 PM","P2NE","0","","","POSITION_APP","3 / 5","(38.235, -120.339) 1187m asl"
"3/15, 6:12 PM","0xFC to P2NE","","","","TRACEROUTE","",""
"3/15, 6:11 PM","!e4ea040","218","","","encrypted","2 / 7",""
"3/15, 6:11 PM","WB6T to !e5760a48","0","","","NODEINFO_APP","2 / 3","WB6TOU"
"3/15, 6:12 PM","SLD1 to !e5760a48","0","","","NODEINFO_APP","4 / 7","SierraLD1"
"3/15, 6:12 PM","!e5760a48","0","","","POSITION_APP","7 / 7","(37.460, -122.238) 0m asl"
"3/15, 6:13 PM","f63c","0","","","POSITION_APP","4 / 7","(39.177, -121.228) 432m asl"
"3/15, 6:14 PM","0xFC to f63c","","","","TRACEROUTE","",""
"3/15, 6:13 PM","elxx","0","","","POSITION_APP","1 / 7","(37.985, -120.298) 691m asl"
"3/15, 6:13 PM","MT","0","6.5","-42","NODEINFO_APP","0 / 7","MeshTerminal (ke6uop)"
"3/15, 6:13 PM","GOYL","0","","","TELEMETRY_APP","2 / 5",""
"3/15, 6:14 PM","!d8de4fbd","240","","","encrypted","3 / 3",""
"3/15, 6:14 PM","!a0387fc0","120","MQTT","","encrypted","5 / 7",""
"3/15, 6:14 PM","DRW","0","","","NODEINFO_APP","5 / 7","Davetastic Router West"
"3/15, 6:14 PM","RIPR","0","","","TELEMETRY_APP","2 / 3","4.2V 99%"
"3/15, 6:14 PM","P2NE","0","","","NODEINFO_APP","2 / 5","Pinebrook Gateway"
"3/15, 6:15 PM","WF9","0","","","TELEMETRY_APP","3 / 3","4.2V 99%"
"3/15, 6:16 PM","0xFC to WF9","","","","TRACEROUTE","",""
"3/15, 6:15 PM","DBLF","0","","","TELEMETRY_APP","2 / 3","0.0V 101%"
"3/15, 6:16 PM","0xFC to DBLF","","","","TRACEROUTE","",""
"3/15, 6:16 PM","WF9 to 0xFC","0","","","TRACEROUTE_APP","3 / 5","0xFC -> MT -> enrr -> BTVW -> 🌋 -> enfm -> HA0 -> WF9"
"3/15, 6:16 PM","Gold","0","","","NODEINFO_APP","2 / 3","Bullion Router 9ef4"
"3/15, 6:17 PM","0xFC to Gold","","","","TRACEROUTE","",""
"3/15, 6:17 PM","DBLF","0","","","NODEINFO_APP","3 / 3","Diablo W6CX LF"
"3/15, 6:18 PM","Mfeb","0","","","TELEMETRY_APP","3 / 3","4.1V 96%"
"3/15, 6:18 PM","MYR1","0","7","-43","NODEINFO_APP","","Enorym_346c"
"3/15, 6:20 PM","TM1","0","","","POSITION_APP","3 / 3","(37.513, -120.875) 40m asl"
"3/15, 6:21 PM","0xFC to TM1","","","","TRACEROUTE","",""
"3/15, 6:20 PM","STN1","0","","","TELEMETRY_APP","1 / 7","4.1V 93%"
"3/15, 6:20 PM","0xFA to STN1","0","6.25","-36","NODEINFO_APP","0 / 7","0xFA Shrike"
"3/15, 6:21 PM","STN1","0","","","TELEMETRY_APP","1 / 7",""
"3/15, 6:22 PM","MFMP","0","","","POSITION_APP","3 / 5","(38.142, -120.403) 1029m asl"
"3/15, 6:23 PM","0xFC to MFMP","","","","TRACEROUTE","",""
"3/15, 6:23 PM","!da568538","0","","","TELEMETRY_APP","3 / 3","4.2V 101%"
"3/15, 6:23 PM","MFMY to !da568538","0","","","NODEINFO_APP","2 / 6","MFM Mini Yellow"
"3/15, 6:23 PM","MT","0","6.5","-41","NODEINFO_APP","0 / 7","MeshTerminal (ke6uop)"
"3/15, 6:24 PM","SLD1 to D","0","","","NODEINFO_APP","4 / 7","SierraLD1"
"3/15, 6:24 PM","Gold","0","","","POSITION_APP","3 / 3","(37.542, -120.065) 1290m asl"
"3/15, 6:24 PM","🦝","0","MQTT","","NODEINFO_APP","4 / 5","Tanuki omni 🦝"
"3/15, 6:25 PM","0xFC to 🦝","","","","TRACEROUTE","",""
"3/15, 6:25 PM","!336032d8","0","-19.5","-128","TELEMETRY_APP","","4.1V 100%"
"3/15, 6:25 PM","!69844b1c","0","","","STORE_FORWARD_APP","4 / 7",""
"3/15, 6:25 PM","ee2c to !69844b1c","0","-16.5","-127","NODEINFO_APP","","Meshtastic ee2c"
"3/15, 6:25 PM","U951","0","MQTT","","POSITION_APP","3 / 7","(37.754, -122.413) 16m asl"
"3/15, 6:26 PM","0xFC to U951","","","","TRACEROUTE","",""
"3/15, 6:25 PM","!ccaa4c08","1","","","encrypted","4 / 4",""
"3/15, 6:25 PM","0xFC","0","","","TELEMETRY_APP","",""
"3/15, 6:26 PM","HA0","0","","","NODEINFO_APP","4 / 7","HA0 Fixed 65e1"
"3/15, 6:26 PM","MFMP","0","","","POSITION_APP","4 / 5","(38.142, -120.403) 1029m asl"
"3/15, 6:26 PM","OC5F","0","MQTT","","TELEMETRY_APP","3 / 5","3.2V 6%"
"3/15, 6:26 PM","8998","0","","","POSITION_APP","7 / 7","(37.254, -121.888) 55m asl"
"3/15, 6:27 PM","0xFC to 8998","","","","TRACEROUTE","",""
"3/15, 6:27 PM","!acaa4fa0","57","","","encrypted","1 / 7",""
"3/15, 6:28 PM","!dcb9f557","0","","","POSITION_APP","5 / 6","(38.280, -122.061) 68m asl"
"3/15, 6:29 PM","0xFC to !dcb9f557","","","","TRACEROUTE","",""
"3/15, 6:28 PM","RIPR to !8af5f52f","0","","","NODEINFO_APP","3 / 3","Ripon_Router"
"3/15, 6:29 PM","470b","0","","","TEXT_MESSAGE_APP","5 / 7",""
"3/15, 6:30 PM","0xFC to 470b","","","","TRACEROUTE","",""
"3/15, 6:29 PM","BTVW","0","","","TELEMETRY_APP","2 / 7","4.2V 100%"
"3/15, 6:29 PM","470b to 0xFC","0","","","TRACEROUTE_APP","2 / 6","0xFC -> MT -> enrr -> DS09 -> BTVW -> 470b"
"3/15, 6:29 PM","RIPR","0","","","TELEMETRY_APP","2 / 3","4.2V 99%"
"3/15, 6:30 PM","!da65b280","0","","","TELEMETRY_APP","2 / 7","4.2V 101%"
"3/15, 6:31 PM","0xFC to !da65b280","","","","TRACEROUTE","",""
"3/15, 6:30 PM","P1NE","0","","","TELEMETRY_APP","1 / 5","4.1V 91%"
"3/15, 6:32 PM","MFMS","0","","","TELEMETRY_APP","2 / 7","4.1V 101%"
"3/15, 6:32 PM","ee2c to 0xFA","0","-19.25","-128","NODEINFO_APP","","Meshtastic ee2c"
"3/15, 6:32 PM","80b0","0","","","POSITION_APP","2 / 7","(37.703, -122.441) 124m asl"
"3/15, 6:33 PM","0xFC to 80b0","","","","TRACEROUTE","",""
"3/15, 6:33 PM","470b","0","","","TEXT_MESSAGE_APP","2 / 7",""
"3/15, 6:33 PM","MT","0","5.75","-41","NODEINFO_APP","0 / 7","MeshTerminal (ke6uop)"
"3/15, 6:33 PM","enas","0","","","NODEINFO_APP","2 / 7","ERSN Arnold Summit"
"3/15, 6:33 PM","!e4ea040","218","","","encrypted","2 / 7",""
"3/15, 6:34 PM","MFMS","0","","","NODEINFO_APP","2 / 7","MFM Solar"
"3/15, 6:34 PM","ee2c","0","-19.75","-128","TELEMETRY_APP","","4.0V 83%"
"3/15, 6:34 PM","A23G","0","MQTT","","POSITION_APP","3 / 5","(37.754, -122.413) 30m asl"
"3/15, 6:35 PM","0xFC to A23G","","","","TRACEROUTE","",""
"3/15, 6:35 PM","8998","0","","","POSITION_APP","7 / 7","(37.254, -121.888) 55m asl"
"3/15, 6:35 PM","!da57505c","0","","","POSITION_APP","3 / 3","(38.037, -120.403) 646m asl"
"3/15, 6:35 PM","TM1","0","","","POSITION_APP","2 / 3","(37.513, -120.875) 40m asl"
"3/15, 6:35 PM","!7a423d5e","0","","","POSITION_APP","3 / 3","(38.194, -122.133) 0m asl"
"3/15, 6:36 PM","0xFC to !7a423d5e","","","","TRACEROUTE","",""
"3/15, 6:35 PM","WB6T to !7a423d5e","0","","","NODEINFO_APP","2 / 3","WB6TOU"
"3/15, 6:35 PM","MFMP to 0xFC","78","","","encrypted","3 / 5",""
"3/15, 6:35 PM","Mfeb","0","","","POSITION_APP","3 / 3","(37.722, -121.132) 0m asl"
"3/15, 6:35 PM","🦝","0","","","TELEMETRY_APP","3 / 5",""
"3/15, 6:35 PM","🦝","0","MQTT","","TELEMETRY_APP","4 / 5","0.0V 101%"
"3/15, 6:36 PM","RIPR to !f9c3cd39","0","","","NODEINFO_APP","3 / 3","Ripon_Router"
"3/15, 6:36 PM","enas","0","","","TELEMETRY_APP","1 / 7","4.1V 91%"
"3/15, 6:36 PM","MYR1 to 0xFC","0","","","NODEINFO_APP","","Enorym_346c"
"3/15, 6:37 PM","!c7181daf","0","","","POSITION_APP","3 / 7","(37.942, -120.610) 189m asl"
"3/15, 6:38 PM","0xFC to !c7181daf","","","","TRACEROUTE","",""
"3/15, 6:37 PM","0xFA to A23G","0","","","NODEINFO_APP","1 / 7","0xFA Shrike"
"3/15, 6:37 PM","U951","0","MQTT","","POSITION_APP","3 / 7","(37.754, -122.413) 16m asl"
"3/15, 6:37 PM","BTVW","0","","","TEXT_MESSAGE_APP","2 / 7",""
"3/15, 6:38 PM","!1d4842b6","0","","","POSITION_APP","6 / 7","(36.779, -119.774) 94m asl"
"3/15, 6:39 PM","0xFC to !1d4842b6","","","","TRACEROUTE","",""
"3/15, 6:38 PM","STN1","0","","","TELEMETRY_APP","1 / 7","4.1V 93%"
"3/15, 6:39 PM","!69844b1c","0","","","STORE_FORWARD_APP","4 / 7",""
"3/15, 6:40 PM","SLD1","0","","","TELEMETRY_APP","4 / 7","4.3V 101%"
"3/15, 6:40 PM","954c","0","","","NODEINFO_APP","4 / 7","Meshtastic 954c"
"3/15, 6:40 PM","0xFC","0","","","TELEMETRY_APP","",""
"3/15, 6:41 PM","!e2e5ffc8","132","","","encrypted","3 / 7",""
"3/15, 6:41 PM","Bee1","0","","","NODEINFO_APP","3 / 3","Bee1"
"3/15, 6:41 PM","A23G","0","MQTT","","TELEMETRY_APP","3 / 5","4.2V 98%"
"3/15, 6:41 PM","SLD1 to A23G","0","","","NODEINFO_APP","2 / 7","SierraLD1"
"3/15, 6:42 PM","!1ebc35b9","0","","","POSITION_APP","","(37.670, -122.080) 159m asl"
"3/15, 6:42 PM","0xFA to !1ebc35b9","0","","","NODEINFO_APP","1 / 7","0xFA Shrike"
"3/15, 6:42 PM","!698578a8","0","","","TELEMETRY_APP","7 / 7","3.6V 33%"
"3/15, 6:43 PM","RIPR to !442141a6","0","","","NODEINFO_APP","3 / 3","Ripon_Router"
"3/15, 6:43 PM","8998","0","","","POSITION_APP","5 / 7","(37.254, -121.888) 55m asl"
"3/15, 6:44 PM","0xFC to 8998","","","","TRACEROUTE","",""
"3/15, 6:43 PM","MT","0","6.5","-42","NODEINFO_APP","0 / 7","MeshTerminal (ke6uop)"
"3/15, 6:43 PM","!c7181daf","0","","","POSITION_APP","2 / 7","(37.942, -120.610) 189m asl"
"3/15, 6:44 PM","22b8","0","","","POSITION_APP","2 / 7","(38.293, -120.275) 1435m asl"
"3/15, 6:44 PM","!acaa4fa0","57","","","encrypted","3 / 7",""
"3/15, 6:44 PM","AB01","0","","","TELEMETRY_APP","4 / 7","4.3V 100%"
"3/15, 6:44 PM","RIPR","0","","","TELEMETRY_APP","2 / 3","4.2V 99%"
"3/15, 6:44 PM","!e4ea040","218","","","encrypted","2 / 7",""
"3/15, 6:44 PM","22b8","0","MQTT","","TELEMETRY_APP","3 / 7","4.2V 100%"
"3/15, 6:45 PM","ffa8","0","MQTT","","TELEMETRY_APP","3 / 7","4.3V 101%"
"3/15, 6:46 PM","0xFC to ffa8","","","","TRACEROUTE","",""
"3/15, 6:45 PM","ffa8 to 0xFC","0","","","TRACEROUTE_APP","2 / 4","0xFC -> MT -> enfm -> enas -> BTVW -> ffa8"
"3/15, 6:45 PM","BTVW","0","","","TELEMETRY_APP","5 / 7",""
"3/15, 6:46 PM","RIPR","0","","","TELEMETRY_APP","3 / 3",""
"3/15, 6:46 PM","!da65b280","0","","","TELEMETRY_APP","4 / 7",""
"3/15, 6:47 PM","0xFC to !da65b280","","","","TRACEROUTE","",""
"3/15, 6:46 PM","80b0","0","","","POSITION_APP","3 / 7",""
"3/15, 6:46 PM","MFMY to 80b0","0","","","NODEINFO_APP","3 / 6","MFM Mini Yellow"
"3/15, 6:46 PM","GOYL","0","","","TELEMETRY_APP","3 / 5",""
"3/15, 6:46 PM","189c","0","","","NODEINFO_APP","3 / 3","Meshtastic 189c"
"3/15, 6:46 PM","hypn","0","","","POSITION_APP","4 / 7","(36.756, -119.810) 79m asl"
"3/15, 6:47 PM","0xFC to hypn","","","","TRACEROUTE","",""
"3/15, 6:47 PM","STN1","0","","","NODEINFO_APP","1 / 7","Stockton Masonic Lodge K6ODS"
"3/15, 6:47 PM","!b33da93d","175","","","encrypted","5 / 6",""
"3/15, 6:48 PM","U951","0","MQTT","","POSITION_APP","3 / 7","(37.754, -122.413) 16m asl"
"3/15, 6:49 PM","0xFC to U951","","","","TRACEROUTE","",""
"3/15, 6:48 PM","0xFA","0","","","TEXT_MESSAGE_APP","1 / 7",""
"3/15, 6:48 PM","MYR1","0","-17.25","-128","TELEMETRY_APP","","4.1V 84%"
"3/15, 6:49 PM","ee2c","0","-18","-128","TELEMETRY_APP","","4.1V 86%"
"3/15, 6:49 PM","WB6T","0","","","TELEMETRY_APP","2 / 3","4.2V 101%"
"3/15, 6:49 PM","!b33da93d","175","","","encrypted","4 / 6",""
"3/15, 6:50 PM","TM1","0","","","POSITION_APP","2 / 3","(37.513, -120.875) 40m asl"
"3/15, 6:51 PM","0xFC to TM1","","","","TRACEROUTE","",""
"3/15, 6:50 PM","STN1","0","","","TELEMETRY_APP","1 / 7","4.1V 93%"
"3/15, 6:50 PM","!75f33cbc","64","MQTT","","encrypted","5 / 7",""
"3/15, 6:50 PM","PAPA","0","","","POSITION_APP","4 / 7","(37.251, -119.826) 474m asl"
"3/15, 6:50 PM","Mfeb","0","","","POSITION_APP","3 / 3","(37.722, -121.132) 0m asl"
"3/15, 6:50 PM","!da65b280","0","","","POSITION_APP","2 / 7","(37.932, -121.189) 14m asl"
"3/15, 6:51 PM","STN1","0","","","TELEMETRY_APP","1 / 7",""
"3/15, 6:51 PM","!f81ec255","0","","","POSITION_APP","7 / 7","(38.008, -122.320) ?m asl"
"3/15, 6:51 PM","!9e78e31c","214","","","encrypted","7 / 7",""
"3/15, 6:51 PM","Mfeb","0","","","TELEMETRY_APP","3 / 3","4.1V 96%"
"3/15, 6:51 PM","!ccaa4c08","1","","","encrypted","2 / 4",""
"3/15, 6:51 PM","8998","0","","","POSITION_APP","6 / 7","(37.254, -121.888) 55m asl"
"3/15, 6:52 PM","6580 to 8998","0","","","NODEINFO_APP","3 / 7","Meshtastic 6580"
"3/15, 6:52 PM","MFMY to !c7181daf","0","","","NODEINFO_APP","3 / 6","MFM Mini Yellow"
"3/15, 6:52 PM","ffa8","0","MQTT","","POSITION_APP","3 / 7","(38.286, -120.285) 1439m asl"
"3/15, 6:53 PM","MT","0","6.5","-43","NODEINFO_APP","0 / 7","MeshTerminal (ke6uop)"
"3/15, 6:54 PM","RIPR to U951","0","","","NODEINFO_APP","2 / 3","Ripon_Router"
"3/15, 6:54 PM","P2NE","0","","","POSITION_APP","2 / 5","(38.235, -120.339) 1187m asl"
"3/15, 6:55 PM","0xFC to P2NE","","","","TRACEROUTE","",""
"3/15, 6:54 PM","P2NE to 0xFC","0","","","TRACEROUTE_APP","2 / 4","0xFC -> MT -> enrr -> P2NE"
"3/15, 6:54 PM","WB6T to !eb76ac6d","0","","","NODEINFO_APP","3 / 3","WB6TOU"
"3/15, 6:55 PM","!2ecab4c","0","","","POSITION_APP","7 / 7","(36.307, -119.249) 105m asl"
"3/15, 6:55 PM","0xFC","0","","","TELEMETRY_APP","",""
"3/15, 6:58 PM","MT","0","6.5","-41","TELEMETRY_APP","0 / 7","4.2V 101%"
"3/15, 6:59 PM","BTVW","0","","","TELEMETRY_APP","2 / 7","4.2V 100%"
"3/15, 6:59 PM","0xFA to BTVW","0","6.25","-54","NODEINFO_APP","0 / 7","0xFA Shrike"
"3/15, 6:59 PM","RIPR","0","","","TELEMETRY_APP","2 / 3","4.2V 99%"
"3/15, 7:00 PM","TN3","0","","","NODEINFO_APP","6 / 7","Meshtastic TN3"
"3/15, 7:00 PM","8998","0","","","POSITION_APP","5 / 7","(37.254, -121.888) 55m asl"
"3/15, 7:01 PM","0xFC to 8998","","","","TRACEROUTE","",""
"3/15, 7:00 PM","!5aeeaad1","0","","","POSITION_APP","2 / 7","(37.932, -120.612) 214m asl"
"3/15, 7:01 PM","!34b4071d","214","","","encrypted","3 / 4",""
"3/15, 7:01 PM","MYR1 to !6985c430","0","5.75","-42","NODEINFO_APP","","Enorym_346c"
"3/15, 7:02 PM","hypn","0","","","POSITION_APP","4 / 7","(36.756, -119.810) 79m asl"
"3/15, 7:03 PM","0xFC to hypn","","","","TRACEROUTE","",""
"3/15, 7:02 PM","GG01","0","","","POSITION_APP","1 / 5","(37.985, -120.403) 629m asl"
"3/15, 7:02 PM","RIPR to hypn","0","","","NODEINFO_APP","2 / 3","Ripon_Router"
"3/15, 7:02 PM","MFMY to hypn","0","","","NODEINFO_APP","4 / 6","MFM Mini Yellow"
"3/15, 7:03 PM","0xFC to GG01","","","","TRACEROUTE","",""
"3/15, 7:02 PM","MFMP","78","","","encrypted","2 / 5",""
"3/15, 7:02 PM","a276 to hypn","0","","","NODEINFO_APP","6 / 7","Meshtastic a276"
"3/15, 7:02 PM","!e5760a48","0","","","POSITION_APP","7 / 7","(37.460, -122.238) 0m asl"
"3/15, 7:04 PM","0xFC to MFMP","","","","TRACEROUTE","",""
"3/15, 7:04 PM","0xFC to !e5760a48","","","","TRACEROUTE","",""
"3/15, 7:03 PM","MT","0","6.25","-45","NODEINFO_APP","0 / 7","MeshTerminal (ke6uop)"
"3/15, 7:04 PM","!7a423d5e","0","","","TEXT_MESSAGE_APP","3 / 3",""
"3/15, 7:05 PM","0xFC to !7a423d5e","","","","TRACEROUTE","",""
"3/15, 7:04 PM","2230","95","","","encrypted","5 / 5",""
"3/15, 7:05 PM","TM1","0","","","POSITION_APP","2 / 3","(37.513, -120.875) 40m asl"
"3/15, 7:05 PM","Mfeb","0","","","TELEMETRY_APP","3 / 3",""
"3/15, 7:05 PM","!4096472b","0","","","POSITION_APP","3 / 3","(37.761, -121.976) 177m asl"
"3/15, 7:06 PM","0xFC to !4096472b","","","","TRACEROUTE","",""
"3/15, 7:06 PM","STN1","0","","","TELEMETRY_APP","1 / 7",""
"3/15, 7:07 PM","!7a423d5e","0","","","POSITION_APP","3 / 3","(38.194, -122.133) -73m asl"
"3/15, 7:07 PM","TM1","0","","","POSITION_APP","2 / 3",""
"3/15, 7:08 PM","0xFC to TM1","","","","TRACEROUTE","",""
"3/15, 7:07 PM","PAPA","0","","","POSITION_APP","7 / 7",""
"3/15, 7:08 PM","0xFC to PAPA","","","","TRACEROUTE","",""
"3/15, 7:07 PM","DRW","0","","","TELEMETRY_APP","4 / 7","4.2V 101%"
"3/15, 7:07 PM","RIPR to !f9c3cd39","0","","","NODEINFO_APP","2 / 3","Ripon_Router"
"3/15, 7:08 PM","SLD1 to PAPA","0","","","NODEINFO_APP","4 / 7","SierraLD1"
"3/15, 7:08 PM","!554d0b7","0","","","POSITION_APP","5 / 6","(36.831, -119.826) 42m asl"
"3/15, 7:09 PM","!69844b1c","0","","","STORE_FORWARD_APP","3 / 7",""
"3/15, 7:10 PM","hypn","0","","","TELEMETRY_APP","7 / 7","3.9V 71%"
"3/15, 7:10 PM","BIC","0","","","POSITION_APP","3 / 3","(38.037, -121.661) -15m asl"
"3/15, 7:10 PM","SLD1","0","","","TELEMETRY_APP","4 / 7","4.3V 101%"
"3/15, 7:10 PM","A23G","0","MQTT","","POSITION_APP","3 / 5","(37.754, -122.413) 30m asl"
"3/15, 7:11 PM","0xFC to A23G","","","","TRACEROUTE","",""
"3/15, 7:10 PM","!dcb9f557","0","","","POSITION_APP","3 / 6","(38.280, -122.061) 57m asl"
"3/15, 7:10 PM","tblu","0","-18.75","-128","NODEINFO_APP","0 / 5","ERSN BLUE"
"3/15, 7:10 PM","0xFC","0","","","TELEMETRY_APP","",""
"3/15, 7:12 PM","0xFC to !dcb9f557","","","","TRACEROUTE","",""
"3/15, 7:11 PM","!e4ea040","218","","","encrypted","2 / 7",""
"3/15, 7:11 PM","!ccaa4c08","1","","","encrypted","4 / 4",""
"3/15, 7:12 PM","MT","0","","","NODEINFO_APP","4 / 7",""
"3/15, 7:12 PM","Mfeb","0","","","TELEMETRY_APP","3 / 3","4.1V 96%"
"3/15, 7:12 PM","!f08bd34e","0","","","TELEMETRY_APP","3 / 4","4.1V 96%"
"3/15, 7:12 PM","HA0","0","","","TELEMETRY_APP","2 / 7","4.2V 99%"
"3/15, 7:13 PM","MT","0","5.75","-43","NODEINFO_APP","0 / 7","MeshTerminal (ke6uop)"
"3/15, 7:13 PM","P2NE","0","","","POSITION_APP","5 / 5",""
"3/15, 7:14 PM","RIPR to !2ecab4c","0","","","NODEINFO_APP","2 / 3","Ripon_Router"
"3/15, 7:14 PM","WB6T to !554d0b7","0","","","NODEINFO_APP","3 / 3","WB6TOU"
"3/15, 7:14 PM","RIPR","0","","","TELEMETRY_APP","3 / 3","4.2V 100%"
"3/15, 7:18 PM","!5aeeaad1","0","","","POSITION_APP","3 / 7","(37.932, -120.612) 213m asl"
"3/15, 7:19 PM","0xFC to !5aeeaad1","","","","TRACEROUTE","",""
"3/15, 7:18 PM","WF9","0","","","POSITION_APP","3 / 3","(37.631, -120.757) 34m asl"
"3/15, 7:19 PM","07e0","0","-17.25","-128","NODEINFO_APP","","Meshtastic 07e0"
"3/15, 7:19 PM","!4ed1e10c","0","","","POSITION_APP","5 / 7","(36.884, -119.774) 112m asl"
"3/15, 7:19 PM","MFMY to !4ed1e10c","0","","","NODEINFO_APP","4 / 6","MFM Mini Yellow"
"3/15, 7:20 PM","RIPR to !25056e98","0","","","NODEINFO_APP","2 / 3","Ripon_Router"
"3/15, 7:20 PM","80b0","0","MQTT","","NODEINFO_APP","7 / 7","Meshtastic 80b0"
"3/15, 7:21 PM","0xFC to 80b0","","","","TRACEROUTE","",""
"3/15, 7:20 PM","MFMP","78","","","encrypted","3 / 5",""
"3/15, 7:21 PM","0xFC to MFMP","","","","TRACEROUTE","",""
"3/15, 7:20 PM","Mfeb","0","","","POSITION_APP","3 / 3","(37.722, -121.132) 0m asl"
"3/15, 7:21 PM","!b33da93d","175","","","encrypted","4 / 6",""
"3/15, 7:21 PM","!7a423d5e","0","","","POSITION_APP","3 / 3","(38.194, -122.133) -66m asl"
"3/15, 7:22 PM","0xFC to !7a423d5e","","","","TRACEROUTE","",""
"3/15, 7:22 PM","!7a423d5e to 0xFC","0","","","TRACEROUTE_APP","3 / 3","0xFC -> MT -> enrr -> enas -> COOP -> !7a423d5e"
"3/15, 7:22 PM","A23G","0","MQTT","","POSITION_APP","3 / 5","(37.754, -122.413) 30m asl"
"3/15, 7:22 PM","80b0","0","","","POSITION_APP","","(37.703, -122.441) 128m asl"
"3/15, 7:23 PM","!d6278253","0","","","POSITION_APP","5 / 5","(39.086, -122.762) 417m asl"
"3/15, 7:23 PM","MT","0","5.5","-42","NODEINFO_APP","0 / 7","MeshTerminal (ke6uop)"
"3/15, 7:23 PM","TM1","0","","","POSITION_APP","1 / 3",""
"3/15, 7:24 PM","0xFC to TM1","","","","TRACEROUTE","",""
"3/15, 7:24 PM","STN1","0","","","TELEMETRY_APP","2 / 7",""
"3/15, 7:24 PM","dfe9","0","","","NODEINFO_APP","5 / 5","CB-BASE dfe9"
"3/15, 7:24 PM","TM1 to 0xFC","0","","","TRACEROUTE_APP","2 / 7","0xFC -> MT -> tblu -> BTVW -> 🦝 -> BIC -> DBLF -> !e33132c0 -> TM1"
"3/15, 7:24 PM","Gold","0","","","POSITION_APP","3 / 3","(37.542, -120.065) 1290m asl"
"3/15, 7:25 PM","0xFC to Gold","","","","TRACEROUTE","",""
"3/15, 7:24 PM","!b33da93d","175","","","encrypted","5 / 6",""
"3/15, 7:25 PM","MUHM","0","","","POSITION_APP","6 / 6","(37.985, -122.343) ?m asl"
"3/15, 7:26 PM","0xFC to MUHM","","","","TRACEROUTE","",""
"3/15, 7:25 PM","DRW","0","","","TELEMETRY_APP","4 / 7",""
"3/15, 7:25 PM","0xFC","0","","","TELEMETRY_APP","",""
"3/15, 7:25 PM","MYR1 to !ba0ca77c","0","","","NODEINFO_APP","","Enorym_346c"
"3/15, 7:26 PM","🌋","0","","","TELEMETRY_APP","2 / 3",""
"3/15, 7:26 PM","RIPR to 🌋","0","","","NODEINFO_APP","2 / 3","Ripon_Router"
"3/15, 7:26 PM","!69844b1c","0","","","STORE_FORWARD_APP","5 / 7",""
"3/15, 7:26 PM","PRNT","0","","","NODEINFO_APP","4 / 5","MBT-R-PRNT"
"3/15, 7:27 PM","elxx","0","","","POSITION_APP","3 / 7","(37.985, -120.298) 691m asl"
"3/15, 7:27 PM","hypn","0","","","TELEMETRY_APP","5 / 7",""
"3/15, 7:28 PM","0xFC to hypn","","","","TRACEROUTE","",""
"3/15, 7:27 PM","!554d0b7","0","","","POSITION_APP","5 / 6","(36.831, -119.826) 40m asl"
"3/15, 7:28 PM","0xFC to !554d0b7","","","","TRACEROUTE","",""
"3/15, 7:27 PM","SLD1 to !44de63f2","0","","","NODEINFO_APP","5 / 7","SierraLD1"
"3/15, 7:28 PM","!34a5bb81","0","","","POSITION_APP","7 / 7","(37.461, -122.154) 3m asl"
"3/15, 7:28 PM","GG01","0","","","NODEINFO_APP","2 / 5","GG_Repeater_01"
"3/15, 7:29 PM","0xFC to GG01","","","","TRACEROUTE","",""
"3/15, 7:29 PM","BTVW","0","","","TELEMETRY_APP","2 / 7","4.2V 100%"
"3/15, 7:29 PM","MFMP","78","","","encrypted","2 / 5",""
"3/15, 7:29 PM","Mfeb","0","","","TELEMETRY_APP","3 / 3",""
"3/15, 7:29 PM","RIPR","0","","","TELEMETRY_APP","2 / 3","4.2V 100%"
"3/15, 7:30 PM","!66deddf9","126","","","encrypted","4 / 7",""
"3/15, 7:30 PM","HA0","0","","","TELEMETRY_APP","3 / 7",""
"3/15, 7:30 PM","JDBS","0","","","NODEINFO_APP","6 / 7","JD Base Station"
"3/15, 7:30 PM","!da65b280","0","","","TELEMETRY_APP","2 / 7","4.2V 101%"
"3/15, 7:31 PM","0xFC to !da65b280","","","","TRACEROUTE","",""
"3/15, 7:30 PM","P1NE","0","","","TELEMETRY_APP","1 / 5","4.1V 91%"
"3/15, 7:30 PM","WF9","0","","","POSITION_APP","3 / 3","(37.631, -120.757) 34m asl"
"3/15, 7:31 PM","8998","0","","","NODEINFO_APP","4 / 7","K6RPT"
"3/15, 7:32 PM","0xFC to 8998","","","","TRACEROUTE","",""
"3/15, 7:32 PM","Mfeb","0","","","POSITION_APP","3 / 3",""
"3/15, 7:32 PM","RIPR to !f81ec255","0","","","NODEINFO_APP","2 / 3","Ripon_Router"
"3/15, 7:32 PM","MYR1 to !f81ec255","0","-17.25","-128","NODEINFO_APP","","Enorym_346c"
"3/15, 7:32 PM","37cf to !d1ac2dfc","0","","","NODEINFO_APP","","Meshtastic Valentine"
"3/15, 7:33 PM","📡","0","","","NODEINFO_APP","6 / 7","Manteca Repeater CVME.sh"
"3/15, 7:34 PM","0xFC to 📡","","","","TRACEROUTE","",""
"3/15, 7:33 PM","BCN1","0","","","POSITION_APP","5 / 7","(37.408, -121.871) 40m asl"
"3/15, 7:33 PM","!da6565c4","0","","","POSITION_APP","6 / 6","(36.831, -119.826) 37m asl"
"3/15, 7:33 PM","MT","0","6.25","-43","NODEINFO_APP","0 / 7","MeshTerminal (ke6uop)"
"3/15, 7:34 PM","0xFC to BCN1","","","","TRACEROUTE","",""
"3/15, 7:34 PM","MFMS","0","","","NODEINFO_APP","2 / 7","MFM Solar"
"3/15, 7:35 PM","0xFC to !da6565c4","","","","TRACEROUTE","",""
"3/15, 7:34 PM","!e4ea040","218","","","encrypted","2 / 7",""
"3/15, 7:34 PM","470b","0","MQTT","","NODEINFO_APP","3 / 7","DBS 470b"
"3/15, 7:34 PM","A23G","0","MQTT","","POSITION_APP","3 / 5","(37.754, -122.413) 30m asl"
"3/15, 7:35 PM","0xFC to A23G","","","","TRACEROUTE","",""
"3/15, 7:35 PM","WF9","0","","","POSITION_APP","3 / 3","(37.631, -120.757) 34m asl"
"3/15, 7:35 PM","STN1","0","","","TELEMETRY_APP","1 / 7","4.1V 93%"
"3/15, 7:36 PM","STN1","0","","","TELEMETRY_APP","1 / 7",""
"3/15, 7:36 PM","enas","0","","","TELEMETRY_APP","1 / 7","3.7V 48%"
"3/15, 7:36 PM","2569","0","","","TELEMETRY_APP","5 / 5","4.2V 98%"
"3/15, 7:36 PM","37cf to !433b101c","0","","","NODEINFO_APP","","Meshtastic Valentine"
"3/15, 7:36 PM","WB6T to 2569","0","","","NODEINFO_APP","3 / 3","WB6TOU"
"3/15, 7:36 PM","37cf","0","","","TELEMETRY_APP","","4.1V 101%"
"3/15, 7:36 PM","!b33da93d","175","","","encrypted","3 / 6",""
"3/15, 7:36 PM","80b0","0","","","POSITION_APP","",""
"3/15, 7:37 PM","!5aeeaad1","0","","","POSITION_APP","2 / 7","(37.932, -120.612) 215m asl"
"3/15, 7:38 PM","0xFC to !5aeeaad1","","","","TRACEROUTE","",""
"3/15, 7:37 PM","!66deddf9","126","","","encrypted","4 / 7",""
"3/15, 7:37 PM","!19ece8c8","0","","","TELEMETRY_APP","7 / 7","3.8V 60%"
"3/15, 7:37 PM","8998","0","","","POSITION_APP","6 / 7","(37.254, -121.888) 55m asl"
"3/15, 7:37 PM","!34a5bb81","0","","","POSITION_APP","6 / 7","(37.462, -122.154) 13m asl"
"3/15, 7:38 PM","0xFC to !34a5bb81","","","","TRACEROUTE","",""
"3/15, 7:38 PM","RIPR to !336032d8","0","","","NODEINFO_APP","2 / 3","Ripon_Router"
"3/15, 7:39 PM","P2NE","0","","","POSITION_APP","2 / 5","(38.235, -120.339) 1187m asl"
"3/15, 7:39 PM","TWKE","0","","","TELEMETRY_APP","5 / 5","4.2V 100%"
"3/15, 7:40 PM","d7af","0","","","NODEINFO_APP","2 / 3","Meshtastic d7af"
"3/15, 7:41 PM","0xFC to d7af","","","","TRACEROUTE","",""
"3/15, 7:40 PM","!eb76ac6d","0","","","POSITION_APP","5 / 5","(36.329, -119.315) 330m asl"
"3/15, 7:41 PM","0xFC to !eb76ac6d","","","","TRACEROUTE","",""
"3/15, 7:40 PM","0xFC","0","","","TELEMETRY_APP","",""
"3/15, 7:41 PM","MT","0","","","NODEINFO_APP","3 / 7",""
"3/15, 7:41 PM","!b33da93d","175","","","encrypted","5 / 6",""
"3/15, 7:42 PM","Pak1","0","","","NODEINFO_APP","3 / 3","Pakman1"
"3/15, 7:43 PM","0xFC to Pak1","","","","TRACEROUTE","",""
"3/15, 7:42 PM","PRNT to !698284dc","0","","","NODEINFO_APP","5 / 5","MBT-R-PRNT"
"3/15, 7:42 PM","!1ebc35b9","0","-17.5","-128","POSITION_APP","","(37.670, -122.080) 159m asl"
"3/15, 7:42 PM","Pak1 to 0xFC","0","","","TRACEROUTE_APP","2 / 6","0xFC -> MT -> tblu -> BTVW -> DS09 -> enrr -> 🌋 -> Pak1"
"3/15, 7:43 PM","a276 to !1ebc35b9","0","","","NODEINFO_APP","7 / 7","Meshtastic a276"
"3/15, 7:43 PM","enrr","0","","","NODEINFO_APP","1 / 7","ERSN Rocky Ridge"
"3/15, 7:44 PM","0xFC to enrr","","","","TRACEROUTE","",""
"3/15, 7:43 PM","GG01","0","","","NODEINFO_APP","3 / 5",""
"3/15, 7:43 PM","MT","0","6","-43","NODEINFO_APP","0 / 7","MeshTerminal (ke6uop)"
"3/15, 7:45 PM","0xFC to GG01","","","","TRACEROUTE","",""
"3/15, 7:44 PM","enrr to 0xFC","0","","","TRACEROUTE_APP","3 / 3","0xFC -> MT -> enrr"
"3/15, 7:44 PM","!6e52db11","0","","","POSITION_APP","5 / 5","(36.202, -119.249) 88m asl"
"3/15, 7:44 PM","RIPR to St35","0","","","NODEINFO_APP","1 / 3","Ripon_Router"
"3/15, 7:44 PM","B000","0","","","STORE_FORWARD_APP","2 / 7",""
"3/15, 7:44 PM","RIPR","0","","","TELEMETRY_APP","1 / 3","4.2V 100%"
"3/15, 7:45 PM","MFMP","78","","","encrypted","3 / 5",""
"3/15, 7:46 PM","0xFC to MFMP","","","","TRACEROUTE","",""
"3/15, 7:45 PM","RIPR","0","","","TELEMETRY_APP","2 / 3",""
"3/15, 7:46 PM","U951","0","MQTT","","POSITION_APP","3 / 7","(37.754, -122.413) 16m asl"
"3/15, 7:47 PM","0xFC to U951","","","","TRACEROUTE","",""
"3/15, 7:46 PM","!e4ea040","218","","","encrypted","2 / 7",""
"3/15, 7:46 PM","!da65b280","0","","","TELEMETRY_APP","4 / 7",""
"3/15, 7:46 PM","470b","0","MQTT","","POSITION_APP","3 / 7","(38.293, -120.278) 1428m asl"
"3/15, 7:46 PM","A23G","0","MQTT","","POSITION_APP","3 / 5","(37.754, -122.413) 30m asl"
"3/15, 7:47 PM","0xFC to !da65b280","","","","TRACEROUTE","",""
"3/15, 7:46 PM","!eb76ac6d","0","","","POSITION_APP","5 / 5","(36.329, -119.315) 330m asl"
"3/15, 7:46 PM","80b0","0","MQTT","","POSITION_APP","7 / 7","(37.703, -122.441) 78m asl"
"3/15, 7:47 PM","P1NE","0","","","TELEMETRY_APP","4 / 5",""
"3/15, 7:48 PM","0xFC to 80b0","","","","TRACEROUTE","",""
"3/15, 7:47 PM","GG01","0","","","POSITION_APP","2 / 5","(37.985, -120.403) 629m asl"
"3/15, 7:47 PM","BIC","0","","","POSITION_APP","3 / 3","(38.037, -121.661) -15m asl"
"3/15, 7:47 PM","WB6T to BIC","0","","","NODEINFO_APP","3 / 3","WB6TOU"
"3/15, 7:49 PM","BCN1","0","","","POSITION_APP","7 / 7",""
"3/15, 7:50 PM","0xFC to BCN1","","","","TRACEROUTE","",""
"3/15, 7:49 PM","RIPR to BCN1","0","","","NODEINFO_APP","2 / 3","Ripon_Router"
"3/15, 7:49 PM","3600 to b980","0","","","NODEINFO_APP","3 / 3","jnetb-3600"
"3/15, 7:50 PM","!92df157b","120","MQTT","","encrypted","7 / 7",""
"3/15, 7:50 PM","tblu","0","","","TELEMETRY_APP","1 / 5","4.1V 96%"
"3/15, 7:51 PM","!88f689de","0","","","TELEMETRY_APP","6 / 7","3.4V 21%"
"3/15, 7:51 PM","STN1","0","","","TELEMETRY_APP","2 / 7",""
"3/15, 7:51 PM","37cf","0","6.25","-43","TELEMETRY_APP","",""
"3/15, 7:51 PM","TM1","0","","","POSITION_APP","2 / 3","(37.513, -120.875) 40m asl"
"3/15, 7:51 PM","8998","0","","","POSITION_APP","6 / 7","(37.254, -121.888) 55m asl"
"3/15, 7:52 PM","0xFC to 8998","","","","TRACEROUTE","",""
"3/15, 7:51 PM","!5aeeaad1","0","","","POSITION_APP","4 / 7",""
"3/15, 7:52 PM","!66deddf9","126","","","encrypted","5 / 7",""
"3/15, 7:52 PM","P2NE","0","","","POSITION_APP","5 / 5",""
"3/15, 7:52 PM","!19ece8c8","0","","","POSITION_APP","7 / 7","(36.307, -119.302) 81m asl"
"3/15, 7:52 PM","Mfeb","0","","","TELEMETRY_APP","3 / 3","4.1V 96%"
"3/15, 7:53 PM","DBLF","0","","","TELEMETRY_APP","3 / 3",""
"3/15, 7:54 PM","0xFC to DBLF","","","","TRACEROUTE","",""
"3/15, 7:53 PM","!b2a74080","148","","","encrypted","2 / 7",""
"3/15, 7:53 PM","MT","0","6.25","-42","NODEINFO_APP","0 / 7","MeshTerminal (ke6uop)"
"3/15, 7:53 PM","6d5c","0","","","POSITION_APP","3 / 3","(37.723, -121.923) 119m asl"
"3/15, 7:54 PM","0xFC to 6d5c","","","","TRACEROUTE","",""
"3/15, 7:54 PM","Yagi","0","","","TELEMETRY_APP","4 / 7","4.1V 94%"
"3/15, 7:54 PM","WB6T to Yagi","0","","","NODEINFO_APP","2 / 3","WB6TOU"
"3/15, 7:55 PM","!eb76ac6d","0","","","POSITION_APP","5 / 5","(36.329, -119.315) 330m asl"
"3/15, 7:55 PM","0xFC","0","","","TELEMETRY_APP","",""
"3/15, 7:56 PM","LBSS","0","","","TELEMETRY_APP","5 / 5",""
"3/15, 7:56 PM","!7a423d5e","0","","","POSITION_APP","3 / 3","(38.194, -122.133) -9m asl"
"3/15, 7:56 PM","MFMP","78","","","encrypted","2 / 5",""
"3/15, 7:56 PM","enrr","0","","","NODEINFO_APP","3 / 7",""
"3/15, 7:56 PM","RIPR to B000","0","","","NODEINFO_APP","1 / 3","Ripon_Router"
"3/15, 7:56 PM","B000","0","","","STORE_FORWARD_APP","5 / 7",""
"3/15, 7:56 PM","U951","0","MQTT","","POSITION_APP","7 / 7",""
"3/15, 7:57 PM","elxx","0","","","POSITION_APP","4 / 7","(37.985, -120.298) 691m asl"
"3/15, 7:57 PM","470b","0","MQTT","","POSITION_APP","7 / 7",""
"3/15, 7:57 PM","U951","0","MQTT","","POSITION_APP","3 / 7","(37.754, -122.413) 16m asl"
"3/15, 7:57 PM","!a0387fc0","120","MQTT","","encrypted","5 / 7",""
"3/15, 7:57 PM","!a6961874","0","","","POSITION_APP","3 / 7","(37.723, -121.451) 54m asl"
"3/15, 7:57 PM","MFMY to !a6961874","0","","","NODEINFO_APP","2 / 6","MFM Mini Yellow"
"3/15, 7:58 PM","470b","0","MQTT","","TELEMETRY_APP","3 / 7","4.0V 88%"
"3/15, 7:58 PM","!a0387fc0","120","MQTT","","encrypted","7 / 7",""
"3/15, 7:58 PM","!b03dbea8","120","MQTT","","encrypted","7 / 7",""
"3/15, 7:58 PM","80b0","0","MQTT","","POSITION_APP","5 / 7","(37.703, -122.441) 193m asl"
"3/15, 7:58 PM","!bd775b06","107","","","encrypted","6 / 6",""
"3/15, 7:58 PM","A23G","0","MQTT","","POSITION_APP","3 / 5","(37.754, -122.413) 30m asl"
"3/15, 7:59 PM","0xFC to A23G","","","","TRACEROUTE","",""
"3/15, 7:59 PM","!dcb9f557","0","","","POSITION_APP","3 / 6","(38.280, -122.061) 67m asl"
"3/15, 8:00 PM","0xFC to !dcb9f557","","","","TRACEROUTE","",""
"3/15, 7:59 PM","!66deddf9","126","","","encrypted","5 / 7",""
"3/15, 8:00 PM","RIPR","0","","","TELEMETRY_APP","2 / 3","4.2V 100%"
"3/15, 8:00 PM","!a9e00e2f","78","-17.25","-128","encrypted","0 / 3",""
"3/15, 8:00 PM","BTVW","0","","","TELEMETRY_APP","1 / 7","4.2V 100%"
"3/15, 8:00 PM","!dcb9f557 to 0xFC","0","","","TRACEROUTE_APP","4 / 6","0xFC -> MT -> enrr -> BTVW -> 🦝 -> BIC -> DBLF -> !d0abfc1e -> !dcb9f557"
"3/15, 8:00 PM","Mfeb","0","","","TELEMETRY_APP","3 / 3",""
"3/15, 8:01 PM","GG01","0","","","POSITION_APP","3 / 5",""
"3/15, 8:02 PM","0xFC to GG01","","","","TRACEROUTE","",""
"3/15, 8:01 PM","GG01 to 0xFC","0","","","TRACEROUTE_APP","2 / 4","0xFC -> MT -> enrr -> BTVW -> GG01"
"3/15, 8:01 PM","!34a5bb81","0","","","POSITION_APP","7 / 7","(37.459, -122.154) 58m asl"
"3/15, 8:02 PM","0xFC to !34a5bb81","","","","TRACEROUTE","",""
"3/15, 8:01 PM","WB6T to !34a5bb81","0","","","NODEINFO_APP","2 / 3","WB6TOU"
"3/15, 8:02 PM","OC5F","0","MQTT","","TELEMETRY_APP","3 / 5","3.1V 2%"
"3/15, 8:03 PM","DS09","0","","","NODEINFO_APP","2 / 3","Deep Space 9"
"3/15, 8:03 PM","!34a5bb81","0","","","POSITION_APP","7 / 7","(37.461, -122.154) 35m asl"
"3/15, 8:03 PM","ASKp","0","","","NODEINFO_APP","4 / 4","ASKp1 Cupertino portable"
"3/15, 8:03 PM","!cc384cc7","0","","","TELEMETRY_APP","6 / 7","3.9V 72%"
"3/15, 8:03 PM","MT","0","6.25","-41","NODEINFO_APP","0 / 7","MeshTerminal (ke6uop)"
"3/15, 8:03 PM","MFMY","0","","","TELEMETRY_APP","4 / 6","3.8V 57%"
"3/15, 8:04 PM","RIPR to !f81ec255","0","","","NODEINFO_APP","1 / 3","Ripon_Router"
"3/15, 8:04 PM","tblu","0","","","TELEMETRY_APP","3 / 5",""
"3/15, 8:04 PM","!88f689de","0","","","TELEMETRY_APP","6 / 7",""
"3/15, 8:05 PM","STN1","0","","","TELEMETRY_APP","2 / 7",""
"3/15, 8:05 PM","!eb76ac6d","0","","","POSITION_APP","5 / 5","(36.329, -119.315) 330m asl"
"3/15, 8:06 PM","0xFC to !eb76ac6d","","","","TRACEROUTE","",""
"3/15, 8:05 PM","TM1","0","","","POSITION_APP","1 / 3",""
"3/15, 8:05 PM","!66deddf9","126","","","encrypted","7 / 7",""
"3/15, 8:05 PM","Mfeb","0","","","POSITION_APP","3 / 3","(37.722, -121.132) 0m asl"
"3/15, 8:05 PM","DBLF","0","","","TELEMETRY_APP","1 / 3",""
"3/15, 8:06 PM","STN1","0","","","TELEMETRY_APP","1 / 7",""
"3/15, 8:06 PM","Ria","0","","","NODEINFO_APP","3 / 3","Meshtastic f254"
"3/15, 8:06 PM","TM1","0","","","POSITION_APP","2 / 3","(37.513, -120.875) 40m asl"
"3/15, 8:06 PM","Bee1","0","","","NODEINFO_APP","3 / 3","Bee1"
"3/15, 8:06 PM","!b2a74080","148","","","encrypted","6 / 7",""
"3/15, 8:07 PM","MFMP","78","","","encrypted","2 / 5",""
"3/15, 8:08 PM","0xFC to MFMP","","","","TRACEROUTE","",""
"3/15, 8:07 PM","!e2e5ffc8","132","","","encrypted","5 / 7",""
"3/15, 8:07 PM","!66deddf9","126","","","encrypted","4 / 7",""
"3/15, 8:07 PM","elxx","0","","","POSITION_APP","3 / 7",""
"3/15, 8:08 PM","mdt","0","","","NODEINFO_APP","3 / 3","mfedt"
"3/15, 8:08 PM","d7af","0","","","POSITION_APP","3 / 3","(37.991, -121.746) ?m asl"
"3/15, 8:09 PM","0xFC to d7af","","","","TRACEROUTE","",""
"3/15, 8:09 PM","d7af to 0xFC","0","","","TRACEROUTE_APP","2 / 6","0xFC -> MT -> enrr -> enas -> !502ea456 -> BTVW -> COOP -> BIC -> d7af"
"3/15, 8:09 PM","!b33da93d","175","","","encrypted","4 / 6",""
"3/15, 8:09 PM","🦝","0","MQTT","","TELEMETRY_APP","4 / 5",""
"3/15, 8:11 PM","0xFC to 🦝","","","","TRACEROUTE","",""
"3/15, 8:10 PM","!d8de4fbd","240","","","encrypted","3 / 3",""
"3/15, 8:10 PM","!69844b1c","0","","","STORE_FORWARD_APP","4 / 7",""
"3/15, 8:10 PM","A23G","0","MQTT","","POSITION_APP","3 / 5","(37.754, -122.413) 30m asl"
"3/15, 8:10 PM","0xFC","0","","","TELEMETRY_APP","",""
"3/15, 8:10 PM","RIPR to !69844b1c","0","","","NODEINFO_APP","2 / 3","Ripon_Router"
"3/15, 8:11 PM","Tw1","0","","","NODEINFO_APP","6 / 7","Tower 1"
"3/15, 8:11 PM","B000","0","","","NODEINFO_APP","2 / 7","GridGh0st"
"3/15, 8:11 PM","🦝 to 0xFC","0","","","TRACEROUTE_APP","4 / 5","0xFC -> MT -> enrr -> enas -> BTVW -> d7af -> BIC -> 🦝"
"3/15, 8:11 PM","SLD1","0","","","TELEMETRY_APP","3 / 7","4.3V 101%"
"3/15, 8:12 PM","!dd7137ac","139","","","encrypted","4 / 7",""
"3/15, 8:12 PM","Mfeb","0","","","TELEMETRY_APP","2 / 3","4.1V 95%"
"3/15, 8:12 PM","22b8","0","","","NODEINFO_APP","2 / 7","🦢 Snowshoe Lake"
"3/15, 8:12 PM","OC5F","0","MQTT","","TELEMETRY_APP","5 / 5",""
"3/15, 8:13 PM","MT","0","7.25","-41","NODEINFO_APP","0 / 7","MeshTerminal (ke6uop)"
"3/15, 8:13 PM","!554d0b7","0","","","POSITION_APP","6 / 6","(36.779, -119.826) 36m asl"
"3/15, 8:14 PM","0xFC to !554d0b7","","","","TRACEROUTE","",""
"3/15, 8:13 PM","WB6T to !554d0b7","0","","","NODEINFO_APP","2 / 3","WB6TOU"
"3/15, 8:14 PM","MT","0","6.25","-40","TELEMETRY_APP","0 / 7","4.2V 101%"
"3/15, 8:14 PM","RIPR","0","","","TELEMETRY_APP","2 / 3","4.2V 100%"
"3/15, 8:15 PM","a17c","0","","","POSITION_APP","5 / 7","(37.303, -122.028) 89m asl"
"3/15, 8:16 PM","0xFC to a17c","","","","TRACEROUTE","",""
"3/15, 8:15 PM","37cf","0","","","TELEMETRY_APP","","4.1V 101%"
"3/15, 8:16 PM","DBLF","0","","","TELEMETRY_APP","1 / 3","0.0V 101%"
"3/15, 8:17 PM","0xFC to DBLF","","","","TRACEROUTE","",""
"3/15, 8:16 PM","DOME","0","MQTT","","NODEINFO_APP","3 / 7","DOMEnet mesh.ersn.net"
"3/15, 8:17 PM","0xFC to DOME","","","","TRACEROUTE","",""
"3/15, 8:17 PM","DBLF to 0xFC","0","","","TRACEROUTE_APP","2 / 5","0xFC -> MT -> enrr -> BTVW -> tblu -> enfm -> RIPR -> DBLF"
"3/15, 8:18 PM","SWKN","0","","","NODEINFO_APP","3 / 3","SWKREPEATER"
"3/15, 8:18 PM","MB","0","","","POSITION_APP","2 / 3","(37.985, -122.500) 60m asl"
"3/15, 8:19 PM","0xFC to MB","","","","TRACEROUTE","",""
"3/15, 8:18 PM","RIPR to MB","0","","","NODEINFO_APP","3 / 3","Ripon_Router"
"3/15, 8:18 PM","WRWW","0","","","NODEINFO_APP","7 / 7","Whiskey River"
"3/15, 8:19 PM","!eb76ac6d","0","","","POSITION_APP","5 / 5","(36.329, -119.315) 330m asl"
"3/15, 8:19 PM","WB6T to !eb76ac6d","0","","","NODEINFO_APP","2 / 3","WB6TOU"
"3/15, 8:19 PM","SWKN","0","","","TELEMETRY_APP","3 / 3","4.2V 97%"
"3/15, 8:19 PM","U951","0","MQTT","","POSITION_APP","3 / 7","(37.754, -122.413) 16m asl"
"3/15, 8:20 PM","0xFC to U951","","","","TRACEROUTE","",""
"3/15, 8:21 PM","🦝","0","","","TELEMETRY_APP","4 / 5","0.0V 101%"
"3/15, 8:21 PM","STN1","0","","","TELEMETRY_APP","1 / 7",""
"3/15, 8:21 PM","OC5F","0","MQTT","","NODEINFO_APP","3 / 5","ERSN OC5F"
"3/15, 8:21 PM","!b33da93d","175","","","encrypted","5 / 6",""
"3/15, 8:21 PM","elxx","0","","","POSITION_APP","2 / 7","(37.985, -120.298) 691m asl"
"3/15, 8:22 PM","🦝","0","","","TELEMETRY_APP","5 / 5",""
"3/15, 8:22 PM","d7af","0","","","TELEMETRY_APP","3 / 3","0.0V 101%"
"3/15, 8:22 PM","MYR1","0","6","-43","POSITION_APP","","(37.705, -122.425) 85m asl"
"3/15, 8:22 PM","A23G","0","MQTT","","POSITION_APP","3 / 5","(37.754, -122.413) 30m asl"
"3/15, 8:23 PM","0xFC to A23G","","","","TRACEROUTE","",""
"3/15, 8:22 PM","🌋","0","","","NODEINFO_APP","3 / 3","🌋Outdoor Box-02 (BH)"
"3/15, 8:23 PM","!dd7137ac","139","","","encrypted","5 / 7",""
"3/15, 8:23 PM","jwt2","0","-19","-128","NODEINFO_APP","0 / 3","jwt2"
"3/15, 8:23 PM","jwt2","0","-17.5","-128","TELEMETRY_APP","0 / 3","4.1V 101%"
"3/15, 8:23 PM","MT","0","6.25","-43","NODEINFO_APP","0 / 7","MeshTerminal (ke6uop)"
"3/15, 8:23 PM","MT","0","","","NODEINFO_APP","3 / 7",""
"3/15, 8:23 PM","!e4ea040","218","","","encrypted","2 / 7",""
"3/15, 8:24 PM","!554d0b7","0","","","POSITION_APP","6 / 6",""
"3/15, 8:24 PM","RIPR to !554d0b7","0","","","NODEINFO_APP","2 / 3","Ripon_Router"
"3/15, 8:24 PM","MFMP","78","","","encrypted","4 / 5",""
"3/15, 8:25 PM","0xFC to MFMP","","","","TRACEROUTE","",""
"3/15, 8:24 PM","PRNT to !da6565c4","0","","","NODEINFO_APP","4 / 5","MBT-R-PRNT"
"3/15, 8:25 PM","!f08bd34e","0","","","TELEMETRY_APP","4 / 4","4.1V 96%"
"3/15, 8:25 PM","!58f527c4","240","","","encrypted","3 / 3",""
"3/15, 8:25 PM","BIC","0","","","POSITION_APP","3 / 3","(38.037, -121.661) -15m asl"
"3/15, 8:25 PM","MFMP to 0xFC","78","","","encrypted","3 / 5",""
"3/15, 8:25 PM","0xFC","0","","","TELEMETRY_APP","",""
"3/15, 8:26 PM","HA0","0","","","NODEINFO_APP","5 / 7","HA0 Fixed 65e1"
"3/15, 8:26 PM","TM1","0","","","POSITION_APP","2 / 3","(37.513, -120.875) 40m asl"
"3/15, 8:26 PM","GG01","0","","","POSITION_APP","1 / 5","(37.985, -120.403) 629m asl"
"3/15, 8:26 PM","DOME","0","MQTT","","POSITION_APP","3 / 7","(38.286, -120.285) 1453m asl"
"3/15, 8:27 PM","BTVW","0","","","NODEINFO_APP","1 / 7","Dorrington West"
"3/15, 8:27 PM","!66deddf9","126","","","encrypted","7 / 7",""
"3/15, 8:28 PM","COOP","0","","","NODEINFO_APP","3 / 3","Pigeon Coop"
"3/15, 8:28 PM","Tel1","0","","","NODEINFO_APP","2 / 3","Aroma Telco 1"
"3/15, 8:29 PM","NEOR","0","","","NODEINFO_APP","7 / 7","info@fresnomeshtastic.org"
"3/15, 8:29 PM","!66deddf9","126","","","encrypted","4 / 7",""
"3/15, 8:29 PM","RIPR","0","","","TELEMETRY_APP","2 / 3","4.2V 100%"
"3/15, 8:30 PM","BTVW","0","","","TELEMETRY_APP","1 / 7","4.2V 100%"
"3/15, 8:30 PM","A23G","0","MQTT","","NODEINFO_APP","3 / 5","Alabama 23 Gateway"
"3/15, 8:30 PM","P1NE","0","","","TELEMETRY_APP","1 / 5","4.1V 91%"
"3/15, 8:31 PM","Mfeb","0","","","TELEMETRY_APP","3 / 3",""
"3/15, 8:31 PM","C138","0","","","POSITION_APP","4 / 7","(37.775, -121.242) 11m asl"
"3/15, 8:31 PM","RIPR to C138","0","","","NODEINFO_APP","1 / 3","Ripon_Router"
"3/15, 8:31 PM","U951","0","MQTT","","POSITION_APP","3 / 7","(37.754, -122.413) 16m asl"
"3/15, 8:32 PM","!c7181daf","0","","","POSITION_APP","4 / 7","(37.942, -120.610) 189m asl"
"3/15, 8:33 PM","0xFC to !c7181daf","","","","TRACEROUTE","",""
"3/15, 8:33 PM","AB01","0","","","TELEMETRY_APP","7 / 7","4.3V 100%"
"3/15, 8:33 PM","B000","10","","","encrypted","2 / 7",""
"3/15, 8:33 PM","MT","0","6.5","-42","NODEINFO_APP","0 / 7","MeshTerminal (ke6uop)"
"3/15, 8:33 PM","MYR1","0","-16","-126","TELEMETRY_APP","","4.1V 87%"
"3/15, 8:34 PM","MFMQ","0","","","POSITION_APP","3 / 4","(38.142, -120.403) 1038m asl"
"3/15, 8:35 PM","0xFC to MFMQ","","","","TRACEROUTE","",""
"3/15, 8:34 PM","A23G","0","MQTT","","POSITION_APP","3 / 5","(37.754, -122.413) 30m asl"
"3/15, 8:35 PM","MYR1","0","6.25","-42","NODEINFO_APP","","Enorym_346c"
"3/15, 8:35 PM","STN1","0","","","TELEMETRY_APP","2 / 7","4.1V 93%"
"3/15, 8:35 PM","Mfeb","0","","","POSITION_APP","3 / 3","(37.722, -121.132) 0m asl"
"3/15, 8:36 PM","STN1","0","","","TELEMETRY_APP","2 / 7",""
"3/15, 8:36 PM","enas","0","","","TELEMETRY_APP","1 / 7","3.8V 61%"
"3/15, 8:36 PM","TM1","0","","","POSITION_APP","2 / 3","(37.513, -120.875) 40m asl"
"3/15, 8:36 PM","P2NE","0","","","POSITION_APP","2 / 5","(38.235, -120.339) 1187m asl"
"3/15, 8:36 PM","6d5c","0","","","POSITION_APP","3 / 3","(37.723, -121.923) 119m asl"
"3/15, 8:37 PM","0xFC to 6d5c","","","","TRACEROUTE","",""
"3/15, 8:37 PM","MFMS","0","","","NODEINFO_APP","2 / 7","MFM Solar"
"3/15, 8:37 PM","!9e78e31c","214","","","encrypted","2 / 7",""
"3/15, 8:37 PM","!2db8d0a8","64","MQTT","","encrypted","5 / 7",""
"3/15, 8:37 PM","RIPR to A23G","0","","","NODEINFO_APP","1 / 3","Ripon_Router"
"3/15, 8:37 PM","GOYL","0","","","NODEINFO_APP","2 / 5","Gargoyle 2dc6"
"3/15, 8:38 PM","GOYL","0","","","TELEMETRY_APP","2 / 5","4.0V 86%"
"3/15, 8:39 PM","ee2c to !a1b22df1","0","-19.75","-128","NODEINFO_APP","","Meshtastic ee2c"
"3/15, 8:40 PM","!f0edc02d","0","-19.25","-128","POSITION_APP","","(37.723, -122.395) 19m asl"
"3/15, 8:41 PM","GOYL","0","","","POSITION_APP","2 / 5","(37.382, -120.534) 62m asl"
"3/15, 8:41 PM","!7a423d5e","0","","","POSITION_APP","2 / 3","(38.194, -122.133) 3m asl"
"3/15, 8:41 PM","SLD1","0","","","TELEMETRY_APP","3 / 7","4.3V 101%"
"3/15, 8:41 PM","0xFC","0","","","TELEMETRY_APP","",""
"3/15, 8:41 PM","WB6T","0","","","POSITION_APP","2 / 3","(38.137, -121.285) 15m asl"
"3/15, 8:42 PM","!698284dc","0","","","POSITION_APP","5 / 5","(36.956, -119.754) 163m asl"
"3/15, 8:42 PM","WB6T to !698284dc","0","","","NODEINFO_APP","2 / 3","WB6TOU"
"3/15, 8:42 PM","Mfeb","0","","","TELEMETRY_APP","2 / 3","4.1V 95%"
"3/15, 8:42 PM","6580 to Mfeb","0","","","NODEINFO_APP","3 / 7","Meshtastic 6580"
"3/15, 8:42 PM","GOYL","0","","","NODEINFO_APP","2 / 5","Gargoyle 2dc6"
"3/15, 8:43 PM","0xFC to GOYL","","","","TRACEROUTE","",""
"3/15, 8:43 PM","!f390cefb","0","","","TELEMETRY_APP","6 / 6","4.1V 93%"
"3/15, 8:43 PM","MT","0","6.5","-42","NODEINFO_APP","0 / 7","MeshTerminal (ke6uop)"
"3/15, 8:43 PM","U951","0","MQTT","","POSITION_APP","3 / 7","(37.754, -122.413) 16m asl"
"3/15, 8:44 PM","0xFC to U951","","","","TRACEROUTE","",""
"3/15, 8:44 PM","a17c","0","","","NODEINFO_APP","6 / 7","Meshtastic a17c"
"3/15, 8:45 PM","0xFC to a17c","","","","TRACEROUTE","",""
"3/15, 8:44 PM","RIPR","0","","","TELEMETRY_APP","2 / 3","4.2V 101%"
"3/15, 8:44 PM","elxx","0","","","POSITION_APP","2 / 7","(37.985, -120.298) 691m asl"
"3/15, 8:44 PM","B000","0","MQTT","","STORE_FORWARD_APP","5 / 7",""
"3/15, 8:46 PM","RIPR to U951","0","","","NODEINFO_APP","1 / 3","Ripon_Router"
"3/15, 8:46 PM","!dcb9f557","0","","","POSITION_APP","2 / 6","(38.280, -122.061) 62m asl"
"3/15, 8:46 PM","GOYL","0","","","POSITION_APP","2 / 5","(37.382, -120.534) 62m asl"
"3/15, 8:47 PM","DBW","0","","","POSITION_APP","7 / 7","(37.356, -121.976) 23m asl"
"3/15, 8:48 PM","0xFC to DBW","","","","TRACEROUTE","",""
"3/15, 8:47 PM","GOYL","0","","","TELEMETRY_APP","3 / 5","4.0V 85%"
"3/15, 8:48 PM","BCN1","0","","","TELEMETRY_APP","7 / 7","4.2V 97%"
"3/15, 8:49 PM","0xFC to BCN1","","","","TRACEROUTE","",""
"3/15, 8:49 PM","MFMS","0","","","TELEMETRY_APP","2 / 7","4.1V 101%"
"3/15, 8:49 PM","A23G","0","MQTT","","POSITION_APP","3 / 5","(37.754, -122.413) 30m asl"
"3/15, 8:50 PM","0xFC to A23G","","","","TRACEROUTE","",""
"3/15, 8:49 PM","SLD1 to 3600","0","","","NODEINFO_APP","5 / 7","SierraLD1"
"3/15, 8:50 PM","OC5F","0","MQTT","","TELEMETRY_APP","3 / 5","3.1V 0%"
"3/15, 8:50 PM","STN1","0","","","TELEMETRY_APP","2 / 7","4.1V 93%"
"3/15, 8:51 PM","STN1","0","","","TELEMETRY_APP","2 / 7",""
"3/15, 8:51 PM","TM1","0","","","POSITION_APP","2 / 3","(37.513, -120.875) 40m asl"
"3/15, 8:51 PM","BOOM","0","","","POSITION_APP","5 / 5","(36.831, -119.878) 89m asl"
"3/15, 8:52 PM","0xFC to BOOM","","","","TRACEROUTE","",""
"3/15, 8:51 PM","enpl","0","","","POSITION_APP","1 / 7","(38.236, -120.342) 1148m asl"
"3/15, 8:52 PM","!ddb55258","0","","","TELEMETRY_APP","4 / 7","4.3V 101%"
"3/15, 8:52 PM","RIPR to !ddb55258","0","","","NODEINFO_APP","3 / 3","Ripon_Router"
"3/15, 8:53 PM","MT","0","6.5","-43","NODEINFO_APP","0 / 7","MeshTerminal (ke6uop)"
"3/15, 8:54 PM","TM1","0","","","TELEMETRY_APP","1 / 3","0.0V 101%"
"3/15, 8:55 PM","!34a5bb81","0","","","POSITION_APP","7 / 7","(37.461, -122.154) -9m asl"
"3/15, 8:56 PM","0xFC to !34a5bb81","","","","TRACEROUTE","",""
"3/15, 8:55 PM","WB6T to !34a5bb81","0","","","NODEINFO_APP","2 / 3","WB6TOU"
"3/15, 8:55 PM","U951","0","MQTT","","POSITION_APP","4 / 7","(37.754, -122.413) 16m asl"
"3/15, 8:56 PM","Mfeb","0","","","POSITION_APP","3 / 3","(37.722, -121.132) 0m asl"
"3/15, 8:56 PM","!504883e6","0","","","POSITION_APP","7 / 7","(36.045, -119.040) 8m asl"
"3/15, 8:56 PM","0xFC","0","","","TELEMETRY_APP","",""
"3/15, 8:57 PM","8c32","0","","","TELEMETRY_APP","2 / 5","4.1V 90%"
"3/15, 8:58 PM","hypn","0","","","POSITION_APP","7 / 7","(36.756, -119.810) 79m asl"
"3/15, 8:59 PM","0xFC to hypn","","","","TRACEROUTE","",""
"3/15, 8:59 PM","RIPR to hypn","0","","","NODEINFO_APP","1 / 3","Ripon_Router"
"3/15, 8:59 PM","BCN1","0","","","TELEMETRY_APP","7 / 7",""
"3/15, 8:59 PM","RIPR","0","","","TELEMETRY_APP","2 / 3","4.2V 101%"
"3/15, 9:00 PM","BTVW","0","","","TELEMETRY_APP","1 / 7","4.2V 100%"
"3/15, 9:00 PM","ASKp","0","","","NODEINFO_APP","3 / 4","ASKp1 Cupertino portable"
"3/15, 9:00 PM","hypn","0","","","POSITION_APP","6 / 7","(36.756, -119.810) 79m asl"
"3/15, 9:00 PM","WB6T to hypn","0","","","NODEINFO_APP","2 / 3","WB6TOU"
"3/15, 9:00 PM","TWKE","0","","","TELEMETRY_APP","3 / 5","4.2V 100%"
"3/15, 9:01 PM","MYR1 to !f81ec255","0","","","NODEINFO_APP","","Enorym_346c"
"3/15, 9:01 PM","!e4ea040","218","","","encrypted","2 / 7",""
"3/15, 9:01 PM","A23G","0","MQTT","","POSITION_APP","3 / 5","(37.754, -122.413) 30m asl"
"3/15, 9:02 PM","BIC","0","","","POSITION_APP","3 / 3","(38.037, -121.661) -15m asl"
"3/15, 9:02 PM","!a2ebd5d0","0","","","TELEMETRY_APP","3 / 3","0.0V 101%"
"3/15, 9:03 PM","GG01","0","","","POSITION_APP","2 / 5","(37.985, -120.403) 629m asl"
"3/15, 9:03 PM","D","0","","","TELEMETRY_APP","7 / 7",""
"3/15, 9:04 PM","0xFC to D","","","","TRACEROUTE","",""
"3/15, 9:03 PM","TM1","0","","","POSITION_APP","2 / 3","(37.513, -120.875) 40m asl"
"3/15, 9:03 PM","!2db8d0a8","64","MQTT","","encrypted","5 / 7",""
"3/15, 9:03 PM","MT","0","6","-41","NODEINFO_APP","0 / 7","MeshTerminal (ke6uop)"
"3/15, 9:03 PM","MYR1 to MB","0","","","NODEINFO_APP","","Enorym_346c"
"3/15, 9:03 PM","!49b3cf48","10","","","encrypted","4 / 6",""
"3/15, 9:04 PM","MFMS","0","","","TELEMETRY_APP","1 / 7",""
"3/15, 9:04 PM","80b0","0","MQTT","","POSITION_APP","5 / 7","(37.703, -122.441) 116m asl"
"3/15, 9:05 PM","0xFC to 80b0","","","","TRACEROUTE","",""
"3/15, 9:04 PM","!b33da93d","175","","","encrypted","5 / 6",""
"3/15, 9:05 PM","!e4ea040","218","","","encrypted","2 / 7",""
"3/15, 9:05 PM","A23G","0","MQTT","","POSITION_APP","5 / 5",""
"3/15, 9:06 PM","0xFC to A23G","","","","TRACEROUTE","",""
"3/15, 9:05 PM","A23G","0","MQTT","","TELEMETRY_APP","3 / 5","4.2V 98%"
"3/15, 9:05 PM","STN1","0","","","TELEMETRY_APP","2 / 7","4.1V 93%"
"3/15, 9:06 PM","STN1","0","","","TELEMETRY_APP","2 / 7",""
"3/15, 9:06 PM","!eb76ac6d","0","","","POSITION_APP","5 / 5","(36.329, -119.315) 330m asl"
"3/15, 9:07 PM","0xFC to !eb76ac6d","","","","TRACEROUTE","",""
"3/15, 9:06 PM","WB6T to !eb76ac6d","0","","","NODEINFO_APP","1 / 3","WB6TOU"
"3/15, 9:06 PM","MFMQ","0","","","POSITION_APP","3 / 4","(38.142, -120.403) 1038m asl"
"3/15, 9:06 PM","STN1","0","","","TELEMETRY_APP","3 / 7",""
"3/15, 9:08 PM","0xFC to MFMQ","","","","TRACEROUTE","",""
"3/15, 9:08 PM","MFMQ to 0xFC","0","","","TRACEROUTE_APP","4 / 4","0xFC -> MT -> enfm -> MFMQ"
"3/15, 9:08 PM","enpl","0","","","POSITION_APP","4 / 7",""
"3/15, 9:08 PM","!66deddf9","126","","","encrypted","7 / 7",""
"3/15, 9:09 PM","!a5665697","0","","","TELEMETRY_APP","1 / 7","4.1V 94%"
"3/15, 9:09 PM","TM1","0","","","TELEMETRY_APP","2 / 3",""
"3/15, 9:09 PM","22b8","0","","","POSITION_APP","2 / 7","(38.293, -120.275) 1435m asl"
"3/15, 9:10 PM","Mfeb","0","","","POSITION_APP","3 / 3",""
"3/15, 9:10 PM","!dcb9f557","0","","","POSITION_APP","5 / 6","(38.280, -122.061) 27m asl"
"3/15, 9:10 PM","RIPR to !dcb9f557","0","","","NODEINFO_APP","2 / 3","Ripon_Router"
"3/15, 9:11 PM","8c32","0","","","TELEMETRY_APP","5 / 5",""
"3/15, 9:11 PM","jwt2","0","-17.5","-128","TELEMETRY_APP","0 / 3","4.2V 101%"
"3/15, 9:11 PM","Mfeb","0","","","POSITION_APP","3 / 3","(37.722, -121.132) 0m asl"
"3/15, 9:11 PM","0xFC","0","","","TELEMETRY_APP","",""
"3/15, 9:12 PM","Bee1","0","","","NODEINFO_APP","3 / 3","Bee1"
"3/15, 9:12 PM","WB6T","0","","","TELEMETRY_APP","2 / 3","4.2V 99%"
"3/15, 9:13 PM","!fe61f38d","0","","","TELEMETRY_APP","4 / 4","4.1V 101%"
"3/15, 9:13 PM","RIPR","0","","","TELEMETRY_APP","2 / 3",""
"3/15, 9:13 PM","hypn","0","","","POSITION_APP","7 / 7",""
"3/15, 9:13 PM","!2db8d0a8","64","MQTT","","encrypted","5 / 7",""
"3/15, 9:13 PM","MT","0","6","-42","NODEINFO_APP","0 / 7","MeshTerminal (ke6uop)"
"3/15, 9:13 PM","WB6T to hypn","0","","","NODEINFO_APP","2 / 3","WB6TOU"
"3/15, 9:14 PM","BIC","0","","","NODEINFO_APP","3 / 3","Bethel Island Ca"
"3/15, 9:14 PM","RIPR","0","","","TELEMETRY_APP","2 / 3","4.2V 100%"
"3/15, 9:14 PM","P2NE","0","","","NODEINFO_APP","2 / 5","Pinebrook Gateway"
"3/15, 9:14 PM","22b8","0","MQTT","","TELEMETRY_APP","3 / 7","4.2V 100%"
"3/15, 9:15 PM","6d5c","0","","","POSITION_APP","3 / 3","(37.723, -121.923) 119m asl"
"3/15, 9:16 PM","0xFC to 6d5c","","","","TRACEROUTE","",""
"3/15, 9:15 PM","!da292a66","0","","","POSITION_APP","5 / 7","(38.771, -121.242) ?m asl"
"3/15, 9:16 PM","WRWW","0","","","POSITION_APP","7 / 7","(36.884, -119.774) 111m asl"
"3/15, 9:16 PM","Bee1","0","","","NODEINFO_APP","3 / 3","Bee1"
"3/15, 9:16 PM","Gold","0","","","NODEINFO_APP","3 / 3","Bullion Router 9ef4"
"3/15, 9:17 PM","0xFC to Gold","","","","TRACEROUTE","",""
"3/15, 9:16 PM","Gold to 0xFC","0","","","TRACEROUTE_APP","3 / 3","0xFC -> MT -> enrr -> BTVW -> 🌋 -> Gold"
"3/15, 9:17 PM","2230","0","","","NODEINFO_APP","5 / 5","Meshtastic 2230"
"3/15, 9:17 PM","DBLF","0","","","NODEINFO_APP","3 / 3","Diablo W6CX LF"
"3/15, 9:17 PM","STN1","0","","","TELEMETRY_APP","5 / 7",""
"3/15, 9:18 PM","TM1","0","","","POSITION_APP","2 / 3","(37.513, -120.875) 40m asl"
"3/15, 9:18 PM","STN1","0","","","TELEMETRY_APP","3 / 7",""
"3/15, 9:19 PM","!eb76ac6d","0","","","POSITION_APP","5 / 5","(36.329, -119.315) 330m asl"
"3/15, 9:19 PM","c7ce","0","","","POSITION_APP","3 / 3","(37.356, -120.560) 63m asl"
"3/15, 9:20 PM","0xFC to c7ce","","","","TRACEROUTE","",""
"3/15, 9:19 PM","U951","0","MQTT","","POSITION_APP","3 / 7","(37.754, -122.413) 16m asl"
"3/15, 9:20 PM","DBLF","0","","","POSITION_APP","3 / 3","(37.893, -121.899) 1080m asl"
"3/15, 9:21 PM","0xFC to U951","","","","TRACEROUTE","",""
"3/15, 9:20 PM","!e2e5ffc8","132","","","encrypted","3 / 7",""
"3/15, 9:20 PM","!e2e5ffc8","132","","","encrypted","6 / 7",""
"3/15, 9:20 PM","STN1","0","","","TELEMETRY_APP","1 / 7","4.1V 93%"
"3/15, 9:21 PM","WF9","0","","","POSITION_APP","3 / 3","(37.631, -120.757) 34m asl"
"3/15, 9:21 PM","STN1","0","","","TELEMETRY_APP","1 / 7",""
"3/15, 9:22 PM","RIPR to !4b104ea2","0","","","NODEINFO_APP","3 / 3","Ripon_Router"
"3/15, 9:22 PM","!a5665697","0","","","TELEMETRY_APP","3 / 7",""
"3/15, 9:23 PM","!5aeeaad1","0","","","POSITION_APP","2 / 7","(37.932, -120.612) 217m asl"
"3/15, 9:24 PM","0xFC to !5aeeaad1","","","","TRACEROUTE","",""
"3/15, 9:23 PM","MT","0","6.5","-42","NODEINFO_APP","0 / 7","MeshTerminal (ke6uop)"
"3/15, 9:23 PM","🦍","0","","","NODEINFO_APP","5 / 7","SCOOTSKI HOME NODE"
"3/15, 9:24 PM","22b8","0","MQTT","","POSITION_APP","6 / 7",""
"3/15, 9:24 PM","🦝","0","","","NODEINFO_APP","3 / 5","Tanuki omni 🦝"
"3/15, 9:25 PM","!69844b1c","0","","","STORE_FORWARD_APP","6 / 7",""
"3/15, 9:25 PM","MYR1","0","-18.5","-128","POSITION_APP","","(37.705, -122.425) 85m asl"
"3/15, 9:25 PM","WF9","0","","","TELEMETRY_APP","3 / 3","4.2V 101%"
"3/15, 9:25 PM","!6feeb122","0","","","TELEMETRY_APP","2 / 3","4.1V 92%"
"3/15, 9:25 PM","A23G","0","MQTT","","POSITION_APP","3 / 5","(37.754, -122.413) 30m asl"
"3/15, 9:26 PM","0xFC to A23G","","","","TRACEROUTE","",""
"3/15, 9:25 PM","!34c438bd","143","","","encrypted","6 / 7",""
"3/15, 9:26 PM","!dcb9f557","0","","","POSITION_APP","6 / 6",""
"3/15, 9:26 PM","🦝","0","","","TELEMETRY_APP","2 / 5","0.0V 101%"
"3/15, 9:26 PM","MFMP","78","","","encrypted","3 / 5",""
"3/15, 9:27 PM","0xFC to MFMP","","","","TRACEROUTE","",""
"3/15, 9:26 PM","jwt2","0","","","TELEMETRY_APP","2 / 3",""
"3/15, 9:26 PM","!b03dbea8","120","MQTT","","encrypted","7 / 7",""
"3/15, 9:26 PM","!a0387fc0","120","MQTT","","encrypted","5 / 7",""
"3/15, 9:26 PM","ASKp","0","","","TELEMETRY_APP","4 / 4","4.1V 92%"
"3/15, 9:26 PM","WB6T to ASKp","0","","","NODEINFO_APP","3 / 3","WB6TOU"
"3/15, 9:26 PM","0xFC","0","","","TELEMETRY_APP","",""
"3/15, 9:26 PM","MT","0","","","NODEINFO_APP","4 / 7",""
"3/15, 9:27 PM","🦝","0","","","TELEMETRY_APP","2 / 5",""
"3/15, 9:27 PM","!9fd7a263","0","","","TELEMETRY_APP","6 / 6","4.2V 98%"
"3/15, 9:27 PM","!442cc1db","0","","","TELEMETRY_APP","4 / 5",""
"3/15, 9:27 PM","RIPR to !442cc1db","0","","","NODEINFO_APP","2 / 3","Ripon_Router"
"3/15, 9:28 PM","RIPR","0","","","TELEMETRY_APP","2 / 3",""
"3/15, 9:28 PM","TM1","0","","","POSITION_APP","2 / 3",""
"3/15, 9:29 PM","HT-K","0","-14.75","-126","POSITION_APP","","(37.670, -122.080) 83m asl"
"3/15, 9:29 PM","HA0","0","","","TELEMETRY_APP","3 / 7","4.2V 97%"
"3/15, 9:29 PM","RIPR","0","","","TELEMETRY_APP","3 / 3","4.2V 100%"
"3/15, 9:30 PM","BTVW","0","","","TELEMETRY_APP","1 / 7","4.2V 100%"
"3/15, 9:30 PM","TM1","0","","","POSITION_APP","1 / 3","(37.513, -120.875) 40m asl"
"3/15, 9:31 PM","ffa8","0","","","TELEMETRY_APP","4 / 7","4.3V 101%"
"3/15, 9:31 PM","!e5760a48","0","","","TELEMETRY_APP","7 / 7","4.8V 101%"
"3/15, 9:32 PM","0xFC to !e5760a48","","","","TRACEROUTE","",""
"3/15, 9:31 PM","ffa8","0","MQTT","","POSITION_APP","3 / 7","(38.286, -120.285) 1462m asl"
"3/15, 9:31 PM","U951","0","MQTT","","POSITION_APP","3 / 7","(37.754, -122.413) 16m asl"
"3/15, 9:32 PM","elxx","0","","","POSITION_APP","2 / 7","(37.985, -120.298) 691m asl"
"3/15, 9:33 PM","MYR1 to 2569","0","6","-41","NODEINFO_APP","","Enorym_346c"
"3/15, 9:33 PM","!7a423d5e","0","","","POSITION_APP","3 / 3","(38.194, -122.133) 29m asl"
"3/15, 9:33 PM","MT","0","6","-41","NODEINFO_APP","0 / 7","MeshTerminal (ke6uop)"
"3/15, 9:33 PM","enas","0","MQTT","","NODEINFO_APP","4 / 7","ERSN Arnold Summit"
"3/15, 9:33 PM","MYR1","0","6.5","-42","POSITION_APP","","(37.705, -122.425) 85m asl"
"3/15, 9:33 PM","P2NE","0","","","POSITION_APP","2 / 5","(38.235, -120.339) 1187m asl"
"3/15, 9:34 PM","MT","0","6.25","-42","TELEMETRY_APP","0 / 7","4.2V 101%"
"3/15, 9:34 PM","2569","95","","","encrypted","5 / 5",""
"3/15, 9:34 PM","GG01","0","","","POSITION_APP","1 / 5","(37.985, -120.403) 629m asl"
"3/15, 9:34 PM","SLD1 to 3600","0","","","NODEINFO_APP","4 / 7","SierraLD1"
"3/15, 9:35 PM","MFMP","78","","","encrypted","3 / 5",""
"3/15, 9:35 PM","STN1","0","","","TELEMETRY_APP","2 / 7","4.1V 93%"
"3/15, 9:36 PM","STN1","0","","","TELEMETRY_APP","1 / 7",""
"3/15, 9:36 PM","enas","0","","","TELEMETRY_APP","1 / 7","3.8V 64%"
"3/15, 9:37 PM","!66deddf9","126","","","encrypted","5 / 7",""
"3/15, 9:37 PM","!a0387fc0","120","MQTT","","encrypted","5 / 7",""
"3/15, 9:39 PM","!336032c0","0","6","-42","POSITION_APP","","(37.723, -122.395) 6m asl"
"3/15, 9:39 PM","WB6T to !336032c0","0","","","NODEINFO_APP","2 / 3","WB6TOU"
"3/15, 9:40 PM","!6feeb122","0","","","POSITION_APP","3 / 3","(38.247, -122.028) 31m asl"
"3/15, 9:40 PM","470b","0","MQTT","","POSITION_APP","3 / 7","(38.293, -120.278) 1433m asl"
"3/15, 9:41 PM","!eb76ac6d","0","","","POSITION_APP","5 / 5","(36.329, -119.315) 330m asl"
"3/15, 9:42 PM","0xFC to !eb76ac6d","","","","TRACEROUTE","",""
"3/15, 9:41 PM","Mfeb","0","","","POSITION_APP","3 / 3","(37.722, -121.132) 0m asl"
"3/15, 9:41 PM","hypn","0","MQTT","","POSITION_APP","6 / 7","(36.756, -119.810) 79m asl"
"3/15, 9:41 PM","0xFC","0","","","TELEMETRY_APP","",""
"3/15, 9:43 PM","0xFC to hypn","","","","TRACEROUTE","",""
"3/15, 9:42 PM","TM1","0","","","TELEMETRY_APP","2 / 3","0.0V 101%"
"3/15, 9:42 PM","TM1","0","","","POSITION_APP","2 / 3","(37.513, -120.875) 40m asl"
"3/15, 9:43 PM","RIPR to P2NE","0","","","NODEINFO_APP","1 / 3","Ripon_Router"
"3/15, 9:43 PM","MT","0","6.75","-42","NODEINFO_APP","0 / 7","MeshTerminal (ke6uop)"
"3/15, 9:44 PM","MT","0","","","TELEMETRY_APP","3 / 7",""
"3/15, 9:44 PM","!502ea456","240","","","encrypted","2 / 3",""
"3/15, 9:44 PM","MFMP","78","","","encrypted","4 / 5",""
"3/15, 9:45 PM","0xFC to MFMP","","","","TRACEROUTE","",""
"3/15, 9:44 PM","BIC","0","","","POSITION_APP","2 / 3","(38.037, -121.661) -15m asl"
"3/15, 9:44 PM","MFMY to !81018bb3","0","","","NODEINFO_APP","4 / 6","MFM Mini Yellow"
"3/15, 9:44 PM","RIPR","0","","","TELEMETRY_APP","2 / 3","4.2V 101%"
"3/15, 9:45 PM","WF9","0","","","POSITION_APP","3 / 3","(37.631, -120.757) 34m asl"
"3/15, 9:45 PM","470b","0","MQTT","","TELEMETRY_APP","3 / 7","4.2V 101%"
"3/15, 9:45 PM","c3c0","0","-20.25","-128","TELEMETRY_APP","","4.4V 101%"
"3/15, 9:45 PM","8998","0","","","POSITION_APP","7 / 7","(37.254, -121.888) 55m asl"
"3/15, 9:46 PM","0xFC to 8998","","","","TRACEROUTE","",""
"3/15, 9:46 PM","TWKE","0","","","TELEMETRY_APP","4 / 5",""
"3/15, 9:46 PM","!1ebc35b9","0","-15.75","-126","POSITION_APP","","(37.670, -122.080) 159m asl"
"3/15, 9:46 PM","WB6T to TWKE","0","","","NODEINFO_APP","2 / 3","WB6TOU"
"3/15, 9:46 PM","!dcb9f557","0","","","POSITION_APP","3 / 6","(38.280, -122.061) 21m asl"
"3/15, 9:47 PM","8998","0","","","POSITION_APP","5 / 7","(37.254, -121.888) 55m asl"
"3/15, 9:47 PM","elxx","0","","","POSITION_APP","3 / 7","(37.985, -120.298) 691m asl"
"3/15, 9:48 PM","a17 to !eb76ac6d","0","","","NODEINFO_APP","4 / 5","Aspen 17 🐦‍⬛"
"3/15, 9:49 PM","RIPR to hypn","0","","","NODEINFO_APP","1 / 3","Ripon_Router"
"3/15, 9:49 PM","A23G","0","MQTT","","POSITION_APP","3 / 5","(37.754, -122.413) 30m asl"
"3/15, 9:50 PM","0xFC to A23G","","","","TRACEROUTE","",""
"3/15, 9:49 PM","hypn to RIPR","0","","","NODEINFO_APP","5 / 5","hypno"
"3/15, 9:49 PM","WB6T","0","","","POSITION_APP","2 / 3","(38.137, -121.285) 15m asl"
"3/15, 9:50 PM","!a2eb8e58","0","","","TELEMETRY_APP","4 / 4","NaNV 101%"
"3/15, 9:50 PM","STN1","0","","","TELEMETRY_APP","1 / 7","4.1V 93%"
"3/15, 9:51 PM","STN1","0","","","TELEMETRY_APP","2 / 7",""
"3/15, 9:51 PM","!da65b280","0","","","POSITION_APP","3 / 7","(37.932, -121.189) 14m asl"
"3/15, 9:52 PM","0xFC to !da65b280","","","","TRACEROUTE","",""
"3/15, 9:51 PM","MYR1 to MUHM","0","-15","-126","NODEINFO_APP","","Enorym_346c"
"3/15, 9:51 PM","🍪","0","","","NODEINFO_APP","5 / 7","🍪👹 / Cookiebot LF (cm/? for menu)"
"3/15, 9:52 PM","!ccaa4c08","1","","","encrypted","2 / 4",""
"3/15, 9:52 PM","BOOM","0","","","POSITION_APP","4 / 5","(36.831, -119.878) 98m asl"
"3/15, 9:53 PM","0xFC to BOOM","","","","TRACEROUTE","",""
"3/15, 9:52 PM","!eb76ac6d","0","","","POSITION_APP","5 / 5","(36.329, -119.315) 330m asl"
"3/15, 9:52 PM","U951","0","MQTT","","POSITION_APP","3 / 7","(37.754, -122.413) 16m asl"
"3/15, 9:53 PM","0xFC to U951","","","","TRACEROUTE","",""
"3/15, 9:52 PM","TM1","0","","","POSITION_APP","2 / 3","(37.513, -120.875) 40m asl"
"3/15, 9:53 PM","DBLF","0","","","TELEMETRY_APP","2 / 3",""
"3/15, 9:53 PM","!eb76ac6d","0","","","POSITION_APP","5 / 5","(36.329, -119.315) 330m asl"
"3/15, 9:53 PM","!7a423d5e","0","","","POSITION_APP","3 / 3","(38.194, -122.133) 0m asl"
"3/15, 9:53 PM","MT","0","6","-42","NODEINFO_APP","0 / 7","MeshTerminal (ke6uop)"
"3/15, 9:54 PM","!dcb9f557","0","","","POSITION_APP","3 / 6","(38.280, -122.061) 77m asl"
"3/15, 9:55 PM","Mfeb","0","","","TELEMETRY_APP","3 / 3","4.1V 95%"
"3/15, 9:55 PM","!dcb9f557","0","","","POSITION_APP","3 / 6","(38.280, -122.061) 51m asl"
"3/15, 9:56 PM","RIPR to !60416743","0","","","NODEINFO_APP","2 / 3","Ripon_Router"
"3/15, 9:56 PM","!e33132c0","144","","","encrypted","4 / 4",""
"3/15, 9:56 PM","ffa8","0","","","NODEINFO_APP","2 / 7","DOMEnet bayme.sh"
"3/15, 9:56 PM","SLD1 to !eb76ac6d","0","","","NODEINFO_APP","2 / 7","SierraLD1"
"3/15, 9:56 PM","0xFC","0","","","TELEMETRY_APP","",""
"3/15, 9:57 PM","enfm","0","","","TELEMETRY_APP","1 / 7","4.1V 96%"
"3/15, 9:57 PM","WB6T to enfm","0","","","NODEINFO_APP","2 / 3","WB6TOU"
"3/15, 9:57 PM","MYR1 to enfm","0","-15.75","-126","NODEINFO_APP","","Enorym_346c"
"3/15, 9:57 PM","MFMY to !60416743","0","","","NODEINFO_APP","3 / 6","MFM Mini Yellow"
"3/15, 9:58 PM","enfm to WB6T","0","","","NODEINFO_APP","2 / 5","ERSN Forest Meadows"
"3/15, 9:59 PM","RIPR","0","","","TELEMETRY_APP","1 / 3","4.2V 101%"
"3/15, 10:00 PM","B000","0","","","STORE_FORWARD_APP","3 / 7",""
"3/15, 10:00 PM","St35","0","","","POSITION_APP","6 / 7","(37.251, -121.818) 66m asl"
"3/15, 10:01 PM","0xFC to St35","","","","TRACEROUTE","",""
"3/15, 10:00 PM","BTVW","0","","","TELEMETRY_APP","1 / 7","4.2V 100%"
"3/15, 10:01 PM","!a0387fc0","120","MQTT","","encrypted","4 / 7",""
"3/15, 10:03 PM","PAPA","0","","","POSITION_APP","6 / 7","(37.251, -119.826) 474m asl"
"3/15, 10:04 PM","0xFC to PAPA","","","","TRACEROUTE","",""
"3/15, 10:03 PM","elxx","0","","","POSITION_APP","2 / 7","(37.985, -120.298) 691m asl"
"3/15, 10:03 PM","MT","0","6","-41","NODEINFO_APP","0 / 7","MeshTerminal (ke6uop)"
"3/15, 10:03 PM","b980 to !33644334","0","","","NODEINFO_APP","3 / 3","KM6PNB"
"3/15, 10:04 PM","TM1","0","","","POSITION_APP","2 / 3","(37.513, -120.875) 40m asl"
